Username,Weekly,Monthly,AllTime
xRhino,162.8,313.1,750.8
BlankestAtlas,161.3,493.3,3127.9
HPLaptop,159.4,579.0,2842.8
Hg__80,158.5,610.2,11631.9
40mm,152.6,586.1,2403.4
what777,152.1,615.6,7175.0
Aussiedaboss,150.5,562.4,705.0
_jaek,148.3,549.6,1062.0
Call_Me_M1ke,148.1,336.4,3931.7
adeadhead,147.8,603.2,10664.6
Jindosh,147.5,667.8,11154.5
Endville360,139.6,503.1,2050.6
El_Shap0,139.1,477.5,7797.7
Lqntern,134.2,154.6,154.6
Hitmehn,133.2,515.2,17721.3
Orinnari,133.1,565.9,11625.0
ethn__,132.1,546.4,3215.3
Dragran,130.5,522.7,7100.2
walleyefish,128.7,559.1,1475.2
mTfUJi,120.8,433.7,8887.3
AdrenaBlade,117.0,408.9,554.3
stratmatt57,116.5,518.9,16559.7
Wandrumdum,116.4,336.5,2893.4
Heartsii,115.9,425.8,1046.7
Smagz24,112.5,256.4,1532.1
skormcel,111.3,390.6,523.3
Greltam,108.6,564.7,12979.3
anotnot,104.6,478.0,2721.0
Azuziiiii,100.2,551.2,4078.3
jeffthebobmister,98.8,290.3,339.9
Tinkerazu,97.5,107.5,107.5
JoshHillman,96.2,391.8,1425.6
TheIowanGod,95.7,388.8,1186.5
Rodragonlux,93.1,146.3,477.0
teato,93.0,378.6,1312.5
HaKr_,91.1,112.9,8756.3
SQOpenSpellBook,89.4,443.1,4867.2
MrShinrin,88.8,290.3,508.4
Dr4agn,87.3,103.0,103.0
BylethSEisner,87.2,195.3,2105.0
Pointy_hii,83.7,324.7,1392.1
KitamiBlueHeart,83.6,275.1,1014.4
NotAyush_18,83.4,295.2,528.0
ephlibian,82.9,361.8,5710.4
ThebodyguardV2,82.2,289.7,289.7
Watermashen,82.2,213.1,2696.0
Project_Baxti,81.3,401.9,2984.6
Wuli,80.8,460.7,1691.3
NoHaxsJustParker,79.8,303.9,303.9
helloheavy,79.6,220.9,766.6
gleeglor,79.5,104.6,136.1
PergySkeel,79.3,294.7,5479.5
Raeders,79.2,394.3,6946.5
SailorWillIs,77.5,108.1,7195.4
Giliela,75.6,199.2,199.2
Warendrop,75.4,404.3,3436.9
DreadedPirateJ,74.0,376.5,474.4
Kee,71.7,240.8,257.7
TheCoolmanIsHere,70.6,125.0,125.0
Tatsu007,69.5,400.3,5884.5
Joshaya787,68.7,141.8,879.0
262i,68.6,184.7,1315.9
theonenamedbeezz,68.2,367.4,1613.5
bullseyeX3,68.1,69.8,69.8
Gumberculs,66.2,72.8,72.8
Satava,66.2,203.6,1220.8
Rayman9004,65.9,84.4,84.4
Gregy165,65.2,309.6,4571.8
timantha,65.1,258.6,983.9
Way2MuchPrada,65.1,221.2,802.2
Rantha,65.0,193.1,1210.8
DemonKingRance,64.6,130.6,130.7
blackpill,64.0,244.2,520.5
Fur,63.8,166.5,400.2
Kelly2506,63.8,153.6,477.7
Maverick1351,63.6,262.4,1254.4
Cissonius,63.4,97.2,3067.6
fernandogons,63.1,257.7,370.2
hummus_prince,61.9,72.7,72.7
TheFnead,61.4,91.4,91.4
Ozzukie,61.4,110.4,395.6
opriva,59.1,109.2,1370.2
kee6776,59.0,243.7,371.7
Tevla,58.9,58.9,58.9
Solitaire7,58.6,288.7,7693.5
RayUnluckE,56.4,305.7,894.7
Shadno,56.3,145.1,6842.8
pegino,56.1,56.1,56.1
KingHasanTheOne,55.9,193.6,3557.9
TheMervlin,55.4,273.1,1187.3
Bryson9393,55.4,208.2,295.9
DefeatedPrawn,54.5,215.1,335.9
Shardrix,53.8,159.0,566.5
ImStormRunner,53.5,89.5,89.5
BasicallyAGungan,53.1,150.0,1932.2
HikariiDesu,52.9,270.2,1788.7
RosePoop,52.9,185.1,538.6
sharpredux,52.2,185.4,437.4
AlzuCats,52.0,110.5,1007.8
DarkHelmet12E4,51.9,219.8,1241.7
MyaOfTruth,51.9,210.1,210.5
Rparvitn,51.7,51.7,51.7
CalebTr02,51.3,178.8,184.7
schpeedi,51.2,99.6,99.6
leadattic_,51.2,305.3,3191.7
Wildsid3,51.1,64.0,70.0
big_shadow0,50.7,234.2,1263.6
Limedebt,50.4,129.0,462.9
VibingN_ACoffin,50.3,152.2,152.2
arttelis,50.1,88.4,88.4
Blu9710,49.6,247.0,3477.3
AshhKKetchup,49.6,102.1,102.1
IrregularRock,49.6,230.2,1027.7
Ferohan11,47.5,159.2,2110.1
_Nonexistent_,47.4,52.2,53.8
Xenos,47.2,162.1,1500.2
SunkGurkan,46.9,161.5,408.4
AKAI_SUD0,46.7,111.0,111.0
Zalvvv,46.6,104.8,4538.9
zolo17,46.6,360.1,8613.2
trottem,46.4,151.5,455.8
BestienO0,46.3,175.2,331.0
Lungdweller,46.2,102.8,404.6
sammyy4evea,46.0,266.1,385.6
G3neralButtnaked,45.9,256.6,942.6
Aswagg09,45.8,186.9,193.0
YaBoiTamsy,45.8,124.6,124.6
Yozo64,44.9,146.2,753.0
Creaptor1,44.7,191.0,777.9
1Scarlet_,44.6,138.5,349.1
TheDane03,44.5,208.9,584.1
KingSleepingBag,44.5,281.7,367.6
TectalKnight,44.3,133.5,133.5
That_Delilah,44.0,165.4,233.3
LlamaLord121,43.9,44.8,415.7
1stampy,43.7,142.7,1211.5
g3tB3tRbuM,43.7,78.0,78.3
Pengdi_,43.0,125.1,125.1
slash_r,42.5,124.1,188.3
Gladius_03_,42.4,158.8,1126.9
Creepi0n,42.3,45.4,3279.0
FranCreeps,42.1,124.9,1309.0
small_hawk,41.9,85.1,93.6
DurableDirt,41.7,192.4,983.1
HoundOfWOR,41.6,41.6,41.6
jpmiii,41.4,84.8,1516.2
Revengeoduck,41.1,137.4,192.3
JaxKats,40.9,252.4,2755.3
stashman1780,40.9,226.5,7630.8
Anvil,40.8,282.7,5333.3
unwovn,40.6,81.6,81.6
OldEraStory,40.5,78.4,2370.8
ruhappy,40.2,40.2,40.2
unique_nullptr,40.1,245.8,2510.8
Rurfu,40.0,303.0,697.9
OPPA_EG,39.9,61.2,101.6
koudy_2011,39.8,39.8,39.8
Cestrava,39.3,39.3,39.3
Dr_Bacon_Hair,38.9,214.2,3566.3
Kahina,38.6,142.2,1258.4
ItsAlreadyGold,38.6,150.0,988.3
nonasGUTS,38.5,85.3,85.3
thinker33,38.4,231.3,1422.4
RoachKingSUPREME,38.4,59.7,1109.6
CosmicDia,38.0,244.5,248.2
Ifriendiscool,37.9,253.0,2818.1
RTN_,37.7,125.6,272.8
Gnathope,37.3,165.0,1127.0
ExprockYT,37.2,157.8,517.5
Mephen,37.1,37.1,37.1
jromeASFsniper,37.1,98.6,590.0
Strocraft,37.0,201.7,1219.7
applebestham,36.8,70.0,100.5
Hab_Pepper,36.7,199.0,812.8
Rainsinger,36.7,160.2,506.8
Goneguy5,36.6,104.3,422.8
Xtaha252478,36.2,107.2,161.2
Ghosty3006,35.8,153.5,225.3
Walkers,35.8,35.9,8202.5
ClairMorella,35.5,163.1,163.1
Schnitzel_User,35.5,103.6,103.6
CrabGaming333,35.5,98.8,98.8
ManNaMi,35.4,106.3,4851.6
42ad,35.4,35.4,35.4
Slushhi,35.2,185.2,5834.9
Tupid34,35.1,198.3,286.2
JustMicwa,34.7,153.5,1152.0
IWillComeForU,34.5,35.7,35.7
Megan_6900,34.4,179.2,1386.3
Fonteer,34.3,71.4,71.4
dj121739,34.0,52.2,1584.1
djf2,34.0,34.0,34.0
koentinius,33.9,112.4,2458.2
GunslingerZach,33.8,74.2,1019.8
TheSilvercomet,33.8,46.7,46.7
IMNOTANOOOB,33.8,33.8,33.8
Bwetelz,33.8,33.8,33.8
TrolStein_PT,33.6,74.7,406.9
chalky2,33.5,34.4,34.4
Aszlii_,33.5,33.5,33.5
Hafj,33.1,61.9,63.1
CaptainSpaceRat,33.0,81.8,180.6
coockie70,32.9,168.4,648.3
Gidein,32.7,199.3,2624.9
IamConI_I,32.6,32.6,32.6
Holyhigh19244,32.6,156.4,1541.8
7_Misun,32.4,33.3,3093.7
_Lord_Moss_,32.3,45.1,45.1
BloxtleMC,32.3,282.3,585.2
Nick2011,32.3,64.9,466.5
Sialic,32.2,32.2,32.2
KNNeeen,32.1,112.3,112.3
FrozenFrosty30,32.0,97.3,410.8
quickster750,32.0,237.9,589.5
Dark_FFC,32.0,97.9,2407.5
DiorSuit,31.7,103.8,243.4
CLAWSFANGS,31.7,77.6,77.6
dot_batch,31.3,31.3,31.3
adamwanna,31.3,31.3,31.3
Sauron15,31.1,179.2,482.2
Fash5,31.0,204.0,496.4
CrudeFireFlag,30.9,111.2,111.2
_2k42_,30.8,216.8,1704.6
WO7F_,30.7,71.6,2324.6
JaxlSSick,30.7,30.7,30.7
xFier,30.7,57.1,5370.8
DJ10_,30.6,50.0,768.0
ThereWalker,30.3,264.0,3906.0
Mickeiii,30.2,162.0,231.6
INightLightDX,30.2,200.8,989.4
IAmDoktah,30.1,58.3,358.0
Thewilsoneye,30.0,107.2,415.1
mitchel4n,29.9,166.6,688.0
Xeroathx,29.8,84.2,84.2
Gubukiv,29.7,67.5,186.4
AXSLD,29.7,53.7,1342.8
KairuFox,29.4,39.2,39.2
Gingerbuddie,29.4,291.7,1000.0
ChronosWilson,29.3,106.8,556.0
ShapeSpirit,29.2,29.2,30.6
Pl4gv3,29.2,29.2,29.2
angie_dovie111,29.2,148.7,605.3
Ian21652,29.2,124.9,750.1
Astralchroma,29.0,397.9,1253.9
Goldlirio,28.9,134.8,958.3
CeceliaRabbit,28.9,149.0,1119.6
ToastIsNear,28.7,124.4,791.7
Simbiekitty,28.6,45.0,45.0
Jalhf,28.6,78.7,2689.3
Graydawn_,28.2,135.0,10802.7
aluminum_foil_,27.9,153.2,1417.8
GooseHoss,27.8,67.0,263.0
ThePhantomRedix,27.8,187.5,305.7
VincePVP,27.6,56.8,322.3
PrideRoblox,27.5,57.6,304.6
Truemonster69,27.3,51.7,51.7
Vedel2050,27.2,82.7,625.7
_Cej_,26.9,35.2,35.2
OllieBell,26.8,110.4,239.7
McChalkburger,26.5,42.8,42.8
Salizandar2,26.3,53.1,1553.8
Iron600,26.3,84.4,747.9
spicon17,26.2,109.3,1200.9
MaybeGravy,26.0,110.5,1493.6
KidColaYt,26.0,136.3,136.3
NGWobbl3,25.9,25.9,25.9
shafiahaz2478,25.8,105.9,455.4
GalaxyGuy4547,25.8,28.8,28.8
TheRiseWarrior16,25.6,34.8,1179.3
Haggsilly,25.5,25.5,25.5
TikraiNeGedvilas,25.5,110.0,2444.8
GoldEagle2317,25.5,64.3,291.1
a_penguin_pal,25.3,51.2,234.8
Intelligences,25.3,77.3,2199.6
Bruisedbread,25.2,96.7,576.2
The_Fella7441,25.1,69.6,812.7
OrJeko,25.1,25.1,25.1
PoolPartyColin,25.1,81.3,963.8
Timmtim,24.9,89.2,1108.6
demobottle12,24.9,106.7,1971.9
CaptainAxeS,24.3,210.3,1411.6
CastorGuy,24.2,128.2,666.8
x1025,24.1,105.4,12680.7
PumpkinPie134,24.0,40.0,1212.8
Peregri,24.0,55.8,422.5
TWINKIEEXPRESSS,23.9,42.8,2267.9
donutsaur92,23.8,28.3,28.3
ButlerKino_,23.7,80.7,337.1
shyguy_wph,23.7,63.3,411.9
ArowShot,23.5,198.8,3465.0
GoatMajix,23.3,63.9,85.1
tuvieja124,23.3,30.6,117.8
Wailifly,23.2,25.7,349.5
_Bak3r_,23.1,24.4,24.4
Jonassaurus,23.0,23.0,23.0
100Ley,22.9,22.9,22.9
Gamermeet11,22.9,32.5,38.0
Haseroth,22.9,23.5,232.4
Jerninja,22.8,145.8,378.5
Phoen1x_F1re,22.8,90.3,114.8
Jagplayz12,22.8,70.7,70.7
SyvSlime,22.6,85.8,594.7
Jong_Noodle,22.5,58.9,58.9
strecha987,22.2,22.2,22.2
Kinkaiii,22.2,22.2,386.9
OsXl3R0aW,22.0,22.1,22.1
ShinkuGhost,22.0,22.0,22.0
SkippyDX,21.5,108.6,932.2
Dreider_36,21.5,105.0,105.0
HoldenVCaulfield,21.5,143.8,1877.7
xenol_wolf,21.4,70.8,584.8
AnOreoDeity,21.3,109.0,381.2
Hxrl,21.1,126.6,1516.9
Jessomayy,21.1,85.0,85.0
Wheaties24,21.0,227.8,3571.3
Omairat,20.9,20.9,20.9
Gamer_Time69,20.8,66.4,1300.5
KOOLJAKEIV,20.8,208.8,215.1
AdamJN_,20.8,29.2,1783.1
lykkelou,20.8,91.9,761.1
Imperrc,20.7,56.7,1755.8
Limtingus1,20.7,178.7,1182.6
SonnyDumDum,20.6,59.3,719.9
jxst_Pizza,20.6,191.6,211.9
kokomiology,20.4,103.2,1040.5
Holve123,20.3,30.3,591.0
grepsedawk,20.2,179.4,7235.5
Kamer_YT,20.2,45.2,148.1
eternalbaconboi,20.1,21.2,55.5
kipo09,20.0,20.0,20.0
GamblingHorse,20.0,97.7,466.0
Tuomasz_,20.0,24.9,8729.8
Silent_P,20.0,21.6,21.6
zstelly,19.9,136.7,192.8
MilkyOreo,19.8,37.2,249.8
presidentofyes12,19.7,50.9,340.3
MirkenMidnight,19.7,48.3,513.3
Chillingus_,19.5,34.9,34.9
Pantertainment,19.5,19.5,19.5
altegron,19.5,25.5,7289.2
punk4,19.3,19.3,19.3
jushuhh,19.3,77.3,271.7
TIM1VER,19.3,19.3,19.3
LeafChalice,19.2,53.7,630.6
1Duck__,19.2,27.8,27.8
UnknownShawarma,19.2,19.2,19.2
psychoman12,19.2,19.2,19.2
KixitBud,19.1,28.0,205.0
chrome_2,19.1,19.1,19.1
RabbiQuantavious,19.0,48.9,48.9
Cdragonmaster48,18.9,94.4,649.4
kubaKub1kula,18.8,18.8,18.8
_Mugg,18.7,21.1,21.1
tednark,18.6,49.4,334.4
Aperinon,18.6,98.3,98.3
WeaponArchitect,18.5,78.5,240.9
ryanluke2,18.4,29.1,29.1
SquigglyGlobe,18.3,38.5,398.8
Zackidacki,18.2,18.2,18.2
Bluechickpro,18.2,76.9,291.2
BritishWanderer,18.2,66.2,4389.3
iPapiLoco,18.2,22.8,22.8
_Sublim3,18.2,70.7,995.5
EminentChain955,18.1,71.7,186.2
Vlinar,18.0,61.3,878.8
willy_knight,18.0,18.0,18.0
NotDuffy,18.0,80.0,601.2
WeeMellowToby,18.0,41.8,41.8
Complexii,18.0,31.2,756.6
Puppy_Drone_Kiki,18.0,22.2,22.2
SophLi,17.9,87.2,1329.4
animeme_master,17.7,96.7,507.8
BM8322,17.4,24.3,24.3
EntiEnd,17.4,36.5,207.2
FaLpRo,17.4,110.3,110.3
borito185,17.4,177.4,1687.2
gamergood432,17.4,19.0,19.0
EmperorAshina,17.3,31.5,892.9
facocero09,17.3,53.9,1064.8
Prasatko08,17.2,78.2,204.3
Amber205,17.1,154.6,258.3
NocturnalDaedra,17.0,29.1,432.5
Formidable01,17.0,40.4,597.0
Ch1ka0,16.9,18.2,18.2
yiimyam,16.8,21.8,21.8
Cerreckter,16.8,30.4,481.6
power_utter,16.8,113.7,2137.8
Gobblin,16.8,74.6,2623.6
_BaniShed,16.7,63.0,549.7
Kashev,16.6,27.3,1127.1
MarkSebok,16.5,43.4,73.5
adelover01,16.5,72.8,1641.3
Malak_War_Priest,16.4,21.8,21.8
WhatsTaters6214,16.3,47.5,117.0
Exeplex,16.3,75.5,444.4
Gambol1509,16.3,16.3,16.3
hawkp,16.2,42.5,42.5
Aquadeer,16.1,19.4,25.3
Majjcrunsgf,16.1,39.9,594.4
Roketboy100,16.1,27.1,191.2
Novalis76,16.1,122.6,1314.8
BOOM_Dizmo52,16.0,16.0,16.0
ToxBlight,15.9,37.5,656.6
marc_1500,15.9,112.7,2038.6
Happeo,15.8,18.7,18.7
Polysemic,15.7,106.8,834.6
yogurt814,15.6,15.6,15.6
eBoD123,15.6,105.2,133.8
ToonyLinkSR,15.5,189.0,1864.2
MarkDeMan816,15.5,32.5,32.5
Hospot,15.5,127.3,200.8
Jeudlvie,15.3,131.7,173.0
ValCheRie,15.3,15.3,15.3
RelativelyArcana,15.2,69.5,358.6
2Lynx2,15.2,98.1,1702.8
Rammyls,15.1,43.9,615.2
DWTstarz504,15.1,60.3,60.3
Lettuce2789,15.1,130.8,213.8
debexintra,14.9,14.9,14.9
Nuke_masterOG,14.9,23.4,23.4
Milevsky,14.9,67.0,437.7
Shockeddd,14.9,52.0,105.4
PrismPlayer,14.8,24.9,24.9
Jaydon_,14.8,137.4,3282.9
VibeTurtle,14.8,176.6,757.1
ReiDragonLover,14.7,14.7,14.7
Kampuchea,14.6,70.5,1040.6
zzumzum,14.6,22.2,490.3
_Oceanstar,14.4,100.2,1028.9
Tedivise,14.4,60.5,60.5
TacofromII,14.4,83.3,1342.2
arkanaiq,14.4,26.6,26.6
SocialistSpectre,14.3,83.3,3972.3
totallyweird80,14.3,23.0,23.0
Grandpa_Donke,14.1,14.1,14.1
pandyteddyYT,14.1,23.7,576.4
SKITTLESiscuteFR,14.0,14.0,14.0
VersedReset,13.9,32.8,1044.8
IamJustWayCooler,13.9,13.9,13.9
xX_Axelz_Xx,13.9,13.9,13.9
Redish22,13.9,13.9,13.9
Anpharos,13.9,16.0,16.0
fmmp357,13.9,75.6,75.6
zcraftu,13.8,13.8,42.8
Berry_Blastt,13.8,13.8,13.8
Zolik1,13.7,27.3,48.9
obiTG,13.7,19.9,19.9
WarbsTheSquirrel,13.6,58.2,644.6
Excessus,13.6,136.3,192.5
LIAMMPS135,13.5,49.8,49.8
Felix18013,13.5,13.5,13.5
MilesDust,13.4,18.5,186.2
Ms_Enchanted,13.4,53.8,968.7
IgnTorn,13.3,13.3,141.5
_aperson1,13.3,297.6,1783.1
ffirestar,13.2,13.2,13.2
BattleOfSky,13.2,47.4,1773.8
BaGGedTacos,13.1,74.8,449.0
MewMewing,13.1,74.1,115.9
MayaaFox,13.1,189.1,1318.4
PuceSquirrel776,13.1,13.1,13.1
ThreeBoar,12.9,14.5,448.7
KelpKl,12.9,12.9,12.9
Cesarrr505,12.7,17.3,732.6
PerostoTornado,12.7,16.8,16.8
Makuto2,12.7,14.1,14.1
DEMEMZEA,12.6,12.6,12.6
malafly,12.5,90.6,1207.7
Ni3a,12.5,12.5,36.6
Sumpaboy,12.5,12.5,12.5
Aviriyyn,12.5,98.2,210.6
Fatook,12.5,172.8,172.8
Purpled_Milo,12.4,82.1,82.1
BBQalbatrosss,12.4,12.4,12.4
LandoPotato712,12.2,120.9,850.3
trollking22,12.1,53.7,53.7
CoolKnight5000,12.1,12.1,12.1
Kupsztylos,12.1,52.8,52.8
Leonardus07,12.1,51.0,212.1
squishywaffle20,12.1,43.9,884.1
PureMaster11,12.1,61.2,626.9
LilXv,12.1,12.1,12.1
Kawane3,12.0,12.0,12.0
Pina0210,12.0,16.1,225.3
NoneAvailable,12.0,34.2,97.1
MrARK,12.0,12.0,12.0
Opozzumz,11.9,20.0,508.6
ChaoticsCookies,11.8,87.8,138.9
SkimaskSocrates,11.8,11.9,23.4
lilybee12,11.8,11.8,11.8
MrGoozer,11.7,148.2,148.2
DonEatsLambBread,11.7,11.7,11.7
Dlpea12,11.7,25.2,105.0
gunomee,11.6,11.6,11.6
mevtal,11.6,11.6,11.6
Goosie1238,11.5,73.9,143.6
__ult__,11.5,11.5,11.5
dester32,11.4,35.7,919.5
Gold_Goose,11.4,33.0,33.0
JOmonQe,11.4,11.4,11.4
Sdorr,11.4,109.9,3625.6
the_mc_docctor,11.3,29.2,379.1
Mike5905,11.3,21.5,255.0
faithlessk,11.3,11.3,11.3
Thahom,11.1,11.1,11.1
Miko_Shigiri,11.1,19.7,141.5
SenatorMonMothma,11.1,64.2,179.6
TheInitium,11.0,11.0,11.0
Arosinas,11.0,16.6,59.6
__Silversoul__,10.9,10.9,10.9
AABCDP,10.9,101.8,165.2
dpv33_,10.9,10.9,10.9
maximum_caro,10.9,113.9,113.9
CunningWind6139,10.8,70.8,358.0
CardGiraffe3964,10.8,34.6,34.6
Magicbuilder15,10.8,83.8,230.5
godofwar547,10.8,50.0,50.0
Solaid,10.8,58.9,681.8
affilox,10.7,10.7,10.7
Gecksterr,10.7,14.1,14.1
MDLP_red15,10.7,10.7,77.1
Austin72D41D,10.7,37.9,314.3
igeeker,10.7,40.6,372.4
vggp,10.6,27.8,27.8
Malipan,10.4,38.9,678.7
Jack_Attack0406,10.4,46.7,166.5
AnttoLisa,10.4,31.9,502.0
BlitzGhostman,10.3,10.3,10.3
Endu_112,10.3,193.6,817.0
wildking24,10.2,119.7,201.0
Cordius,10.2,10.5,65.3
Stunbud,10.2,10.2,10.2
Freeblade999,10.1,15.7,147.2
SapphireFloof,10.1,63.7,201.9
StefanMakker,10.1,52.7,765.3
GeneraIButtNaked,10.0,10.0,10.0
Cytiho,10.0,10.2,10.2
SoulSyvi,10.0,25.7,506.0
VHJ1dGhzZWVrM3I,10.0,10.0,10.0
Enchanted_Cow,9.9,114.8,598.6
meenos,9.9,192.6,7436.3
Fquartz,9.9,9.9,9.9
nanajshi,9.9,18.2,321.6
timewornComrade,9.8,106.4,506.9
fallen_screw,9.8,181.1,1631.9
samtrees,9.8,190.0,347.3
Mr_nameless1012,9.8,13.8,13.9
MatheusFlamingo,9.8,27.6,27.6
moomoofrogguy,9.7,55.7,553.6
celavetex,9.7,34.4,204.9
UprisingMax,9.7,35.0,816.7
Wolftale,9.6,44.3,252.3
NJM_321,9.6,9.6,9.6
SwiftyScissors,9.6,21.9,614.5
Coopernicus3116,9.5,57.4,1110.4
Vishini,9.5,9.5,9.5
Eledion,9.5,45.9,1521.1
Master_Evan_M,9.5,9.5,9.5
BloppyTurtle,9.5,21.9,27.0
Dominater1230,9.5,79.5,787.1
vksman,9.5,36.7,49.1
DragonTheorist,9.5,10.9,10.9
4ce_0ne,9.5,9.5,9.5
Seldomsh0ck,9.4,45.3,4049.8
RayChain,9.4,57.4,289.3
P4R4D0X3,9.4,27.5,326.0
Forged_TK,9.4,18.8,2026.6
Stoomer,9.4,9.4,1134.3
saucynave,9.3,9.3,9.3
5ingularity_,9.3,9.3,9.3
CommradePotatoe,9.3,10.6,657.3
Nitro_Lamb,9.3,9.3,9.3
lucidatdawn,9.2,9.2,9.2
TurboFalcon804,9.2,19.9,19.9
naans3nse,9.1,58.7,58.7
Sopamaster1st,9.1,21.3,26.0
Imeepp,9.1,13.0,27.9
Lukita2013,9.1,9.1,9.1
Crazycrawfish23,9.1,9.1,9.1
CharmfulPeace,9.1,29.9,166.9
Garcherblu,9.1,64.0,64.0
_SSG_,9.0,39.6,4278.8
FasePlay,9.0,269.6,1195.1
DRGN2,9.0,9.0,9.0
MotzkiMamusi,9.0,9.0,9.0
Firebreather2001,9.0,12.1,12.1
lgamant,9.0,19.9,304.0
Toast_34,9.0,101.6,183.8
nachosnoname,8.9,11.4,11.4
MrEclipse18,8.9,56.7,64.4
realmichael,8.9,17.6,2452.0
katcatfat,8.9,134.9,324.5
Omlettuce,8.9,8.9,8.9
noirchromium,8.8,95.5,135.6
TheFoxofNines,8.8,43.4,755.5
peakman2,8.8,132.7,2537.4
Braddo58,8.8,15.1,42.5
Eiji_x_Okumura,8.7,8.7,8.7
CBIINK,8.6,8.6,8.6
_betaeta,8.5,16.4,16.4
Thyme13,8.5,38.8,1689.6
ihatefate,8.5,67.5,565.4
tailoresstaylor,8.4,28.3,28.3
Mini_Azur,8.4,8.4,8.4
nyghtshxde,8.4,43.9,130.8
JuliusCedarII,8.3,33.1,632.5
Supernotcoolguy,8.3,8.3,8.3
xXADOOMXx,8.3,8.3,8.3
Aziumthal1,8.3,52.5,318.4
RightWhatzLeft,8.3,8.3,8.3
Doge_Twinkie,8.2,8.2,8.2
bomchoots1234,8.2,8.2,8.2
prdt,8.2,12.8,12.8
Clearhercules,8.2,9.4,161.0
PunishedNom,8.1,8.1,8.1
Zotyc,8.1,8.1,8.1
Letadlo52,8.1,23.5,23.5
OmaKnight,8.1,67.7,1428.9
DuskAdmiral,8.0,13.7,564.9
TheOneOfTheVoid,8.0,45.4,1063.1
MM450,8.0,8.0,10.7
SuperCreeper555,8.0,73.1,73.1
ninjajackh12,8.0,32.7,1423.5
Guyedo,8.0,8.0,8.0
Wheeljack14,7.9,7.9,7.9
JuniorTide,7.9,19.4,2994.5
PrestonianP,7.8,25.2,51.8
Wookie9power,7.8,7.8,7.8
Red___Medic,7.8,24.3,172.4
CaptainBlaze_,7.8,25.5,25.5
lolle0,7.8,81.0,1610.2
Zireael_1,7.8,282.2,2001.9
KeysMinekrafte,7.8,7.8,7.8
Reidybear7,7.8,11.6,11.6
Jacks_Worker,7.8,7.8,10.3
ColinberryMan,7.8,9.0,9.0
Makahalem123,7.7,7.7,7.7
Holographic_,7.7,53.2,489.3
Realguy9303,7.7,16.3,16.3
Paddington_Bear,7.7,43.1,2531.1
TactiHawk,7.7,113.3,819.5
GamerVid5,7.7,25.3,50.2
MrYellowTail,7.7,84.4,667.3
Andreotal,7.7,11.7,11.7
MangoFlavrd,7.6,33.7,90.1
GriffSuperShot,7.6,7.6,8685.9
FleshLine,7.5,21.6,21.6
poofsy,7.5,20.9,20.9
Serek9999,7.5,9.8,9.8
Matilda4k9,7.5,11.6,95.8
Dasonishere2,7.5,31.9,363.3
Nova_on_vrc,7.5,7.5,7.5
_remster,7.4,31.4,165.8
o_angelbitez,7.4,16.9,1094.7
CapianColton,7.4,35.5,1525.1
SuperdragonRoc,7.4,21.6,33.0
EshPikachu,7.4,173.0,764.7
LevitheGuy55,7.4,7.4,7.4
Polskian,7.4,7.4,116.5
redVipato,7.3,7.3,7.3
Yinz001,7.3,7.5,148.3
glaze7928,7.3,12.0,564.3
j9m9,7.3,7.3,7.3
Vicolaj,7.2,7.2,7.2
Metropolitan_,7.2,15.9,1255.7
DaKeechZ03,7.2,7.2,7.2
Johok,7.2,67.7,67.7
BATTLEBOTS_BOI,7.1,58.0,153.9
frogrul,7.1,44.5,74.5
killerlol_,7.1,7.1,7.1
8L08,7.0,7.0,7.0
Shadowstorm1012,7.0,10.9,10.9
MAGICMARS345,7.0,77.7,1652.8
Banana_Cat1,6.9,6.9,6.9
klop36,6.9,6.9,6.9
FreshOxygenAir,6.8,26.8,61.9
majaaokii,6.8,15.3,15.3
Jesusdoesloveyou,6.8,15.6,15.6
I_UnDead_I,6.8,6.8,6.8
shoomsi,6.8,59.8,696.2
Tyropita15,6.7,44.5,44.5
anewsoulburned,6.7,6.7,6.7
GreaterGlider,6.7,6.7,9.4
SevenRedAliens,6.7,6.7,533.9
SpongebobO_O,6.7,6.7,6.7
RGN105,6.7,6.7,6.7
theboatsmith,6.7,79.8,302.6
_STR4Y_,6.6,6.6,6.6
1_helluvabutler,6.6,28.1,28.1
Abbysvin,6.6,39.1,39.1
Gwua,6.6,6.6,2879.8
Georg69420,6.6,6.6,6.6
Hju74kr43fdsl,6.5,6.5,6.5
xSinfulLordx,6.5,20.4,20.4
nuftybaff,6.5,6.5,6.5
Westerian,6.4,56.6,268.2
Atriaa,6.4,29.3,61.6
bigdadpark1123,6.3,6.3,6.3
Mediterraneides,6.3,61.6,411.2
bpiratemstr,6.3,6.3,6.3
Sheeple7,6.3,6.3,6.3
Lodish,6.3,6.3,650.9
JansoJanek,6.3,54.3,272.0
Bidav,6.3,71.8,470.3
SgtLukePrime,6.3,6.3,6.3
SimoneGamingYT,6.2,6.2,6.2
Otherbound,6.2,6.2,6.2
Busy_Donut,6.2,36.1,294.9
Da_Blu,6.2,13.7,13.7
Blackgold211,6.2,31.8,822.5
Bevinator2,6.2,9.6,243.8
gabrielmaennl5,6.2,24.7,2149.3
oliver20582,6.2,30.7,30.7
Savster123_25,6.1,13.9,694.3
ThePastrami,6.1,6.1,6.1
I_like_fish1082,6.1,6.1,6.1
Lucinnefo,6.1,107.4,2390.8
Bronnakus,6.0,14.8,2694.6
BewareTheBears,6.0,8.4,70.8
Syinticat,6.0,46.8,46.8
0x530,6.0,6.0,6.0
NewFlandre,6.0,6.0,6.0
Cmg23,6.0,14.5,14.5
P39Airacobra,5.9,8.2,56.5
__Bunny__,5.9,5.9,5.9
Silly_Sod,5.9,5.9,5.9
sushisoys4uce,5.9,18.3,302.2
Im_bored201200,5.9,5.9,5.9
Phi11ip05,5.9,5.9,5.9
Thritystone,5.9,5.9,97.6
TentaclesUwU,5.9,5.9,5.9
Floon_,5.8,5.8,5.8
maglinvinn,5.8,5.8,5.8
Cool6006,5.8,26.5,245.7
justraf12,5.8,5.8,7.5
varbo,5.8,24.2,1124.4
Psionic_Scorpion,5.8,16.5,16.5
MadBeacon,5.7,43.8,43.8
blabsblobabo,5.7,5.7,5.7
myng11,5.7,34.3,257.4
AsteroidCentaur,5.7,5.7,5.7
DaOwlGuy,5.6,34.6,34.6
Xcios,5.6,54.0,1576.9
ctalinYT,5.6,5.6,5.8
1290ko,5.6,25.3,31.3
FrostedCupcakes2,5.6,7.1,7.2
Partialknight1,5.6,5.6,79.8
Frostwarrior112,5.6,9.0,739.0
mercifulrabbit,5.6,103.6,226.8
FakersFemboy,5.6,87.1,133.4
Monk_Icarus,5.5,36.7,901.7
kev3333,5.5,5.5,5.5
reffelruz,5.5,8.5,3048.3
VictoriVictoric,5.5,28.5,1949.8
Cra2ychickens,5.5,40.2,94.2
Whiskurax,5.5,5.5,5.5
MossCoat,5.5,5.5,6.8
Duskiee__,5.5,22.2,281.8
JeyHey,5.4,292.2,7929.8
iPlexity,5.4,14.3,162.3
T00TsMaG00ts,5.4,9.6,152.2
Hobbits,5.4,5.4,5.4
Kazzuyaa,5.4,5.8,68.0
paige_20,5.4,14.7,14.7
Kitkats2312,5.4,5.4,5.4
Aserdabeast,5.3,25.3,447.6
Cowcreeper,5.3,24.5,80.5
Ninja_Xdyter,5.3,5.3,51.2
__0reo__,5.3,5.3,5.3
bestblock014,5.2,5.2,5.2
Lord_Pancakes,5.2,11.7,433.4
Skidragon,5.2,27.0,155.7
DivesSum,5.2,5.2,5.2
pompiPMP,5.2,5.2,5.2
Captain_Red2619,5.1,17.0,91.0
lycoros,5.1,20.9,534.8
pumpeduphick,5.1,17.0,17.0
Jan_Wow,5.1,5.9,5.9
Maytee,5.0,36.4,366.1
Waveofdeath99,5.0,5.0,103.1
BadWaffles_,5.0,15.0,1495.6
ThePlotThickens,5.0,5.0,5.0
lil1um,5.0,5.0,5.0
FANG_OP,5.0,39.0,219.8
Figballd,5.0,5.0,5.0
Ardmen,5.0,5.0,5.0
iri5use,4.9,4.9,4.9
the_potato_wiz2,4.9,4.9,4.9
PatronuMCZ,4.9,28.4,124.6
IceTsunami2,4.9,4.9,5.2
the_lethal_bacon,4.9,4.9,4.9
FlintEatswood12,4.8,26.9,47.4
Wxdude70,4.8,17.9,17.9
Ganbaifo,4.8,9.4,56.4
Mikerunch,4.8,4.8,344.3
Seekinq,4.8,26.9,2956.6
ThatGuyBest,4.8,4.8,4.8
Retuurnn,4.8,4.8,4.8
Mrneongamer1,4.8,16.4,16.4
WetDrip,4.8,4.8,4.8
BananSpiller,4.8,5.2,5.2
JustGalaxZ,4.7,4.7,4.7
AcronymT,4.7,14.6,1560.7
Emarile,4.7,22.6,525.9
DigitCube,4.7,73.6,73.6
Boberek3,4.7,4.7,4.7
chary_cola,4.7,9.9,9.9
yallforall,4.7,4.7,8.7
inturnzz,4.7,7.8,7.8
myriadarl,4.6,4.6,4.6
WafflePickle69,4.6,35.5,35.5
MiloPlayzs,4.6,4.6,4.6
LordOfThePig449,4.6,21.5,107.0
TheBioDino,4.6,20.6,448.1
Jogenautt,4.6,4.6,4.6
GracedMeteor25,4.6,4.6,4.6
Fireblazefabi,4.6,4.6,4.6
sleesin,4.5,4.5,4.5
Yanzza_,4.5,4.5,4.5
Monkay_______,4.5,4.5,4.5
DuhJuiceBox,4.5,4.8,4.8
AngeDragon,4.5,4.5,4.5
dBeatzxd,4.5,52.0,2598.4
_VvRrTX,4.5,4.5,4.5
puppyPeach,4.5,4.5,4.5
aaroni_macaroni,4.5,57.8,881.4
yodabird19,4.5,366.5,6039.6
yarnnn,4.4,163.1,539.4
gambler_addict,4.4,4.4,4.4
Geteer_18,4.4,41.2,156.1
SkullAAA,4.4,4.4,4.4
Doggo_Engineer,4.4,4.4,254.1
EighthLynx,4.4,4.4,4.4
Stun2845,4.4,281.9,1506.9
std9,4.4,4.4,4.4
wormseed,4.3,25.3,789.2
Happy_Guy1338,4.3,97.6,97.6
_Donglin_,4.3,4.3,4.3
Jimbob104726,4.3,23.8,23.8
CedarValiant,4.3,9.3,1648.3
Bato_Dambaev,4.3,5.7,329.1
JoldIDK,4.2,24.4,1032.8
FrOsTy8090,4.2,4.2,4.2
WesselMake,4.2,4.2,4.2
SmokePop,4.2,4.2,4.2
FonchoX9,4.1,18.4,104.7
PricedLocket381,4.1,4.1,4.1
SKYDragonRa,4.1,15.4,28.5
GeronimoX,4.1,91.6,91.6
Happy_Monke12,4.1,9.4,9.4
ForwardBonsai15,4.1,4.1,4.1
Jokes_Junrer,4.1,4.1,4.1
Max_Gagin,4.0,13.3,14.5
Kranarch,4.0,4.0,4.0
stovetophead,4.0,7.5,7.5
m4xoff,4.0,29.9,700.5
tomtommi,4.0,4.0,135.3
Arlott,4.0,4.0,674.0
Mashing_Wachine,4.0,4.0,4.0
Serenity1331,4.0,24.1,944.7
Strongshorts,4.0,9.3,9.3
red40forever,3.9,3.9,3.9
asgeir9,3.9,4.9,2227.2
Deathstroke_17,3.9,3.9,3.9
fastestgrass,3.9,9.8,1116.9
Simmmmonster,3.9,3.9,3.9
ArpadBey,3.9,3.9,3.9
DewDroppp_,3.9,5.2,36.1
Morbu_13,3.9,22.1,100.7
Caleb101023,3.9,4.2,4.2
Princess__Bow,3.9,4.1,4585.3
NEonGrEEn7,3.9,3.9,3.9
Sajtos_Puffancs,3.8,19.9,271.6
WingsLess,3.8,3.8,3.8
Rust0178,3.8,3.8,3.8
ko_uko,3.8,24.2,24.2
Mikox08,3.8,16.4,16.4
DevilTrench1029,3.8,3.8,3.8
Numericturtle,3.8,45.2,71.1
Sempra35,3.7,9.8,9.8
Thejmqn,3.7,3.7,680.1
AmazinglyBored,3.7,42.8,264.6
cmido,3.7,21.2,340.8
SML128,3.7,24.7,1699.3
bnuit,3.7,3.7,3.7
Glowolf1,3.7,3.7,3.7
ShadySauce,3.7,3.7,2995.1
wplayz,3.7,7.1,51.0
Rainyduck4134,3.7,19.6,19.6
PineappleMan541,3.7,18.2,334.0
Zigzal,3.6,3.6,3.6
at9miuc,3.6,3.6,3.6
Locked444,3.6,3.6,3.6
Coconutty55,3.6,16.1,124.5
praoubl,3.6,50.6,367.1
Zaffkiels,3.6,3.6,188.3
Aetherlon,3.6,3.6,3.6
SunbakedRacon420,3.6,41.1,41.1
warlorddh,3.6,3.6,3.6
Skeppy_Memes,3.5,3.5,3.5
SandFalls,3.5,14.2,1050.9
InvertedMind,3.5,3.9,800.1
Leander2714,3.5,17.9,847.8
BoringXD,3.5,3.5,3.5
Gevoki_,3.5,3.5,3.5
yokai_creeper,3.5,3.5,3.5
ToooNi,3.5,3.5,3.5
SixFootFeminist,3.5,3.5,3.5
Myagumi,3.4,3.4,3.4
Richieeeeeeeee,3.4,3.4,3.5
Same_themaster12,3.4,3.4,3.4
Fisarii,3.4,3.4,3.4
MikkiaVibe,3.4,114.2,414.6
Senovvvalll,3.4,13.8,13.8
Dumsy_,3.3,3.3,33.6
noxy29136,3.3,3.3,3.3
muckfeat,3.3,3.3,3.3
TwizzelerPlaz,3.3,6.9,82.7
rcdri,3.3,40.4,40.4
Redss,3.3,9.3,9.3
WenFire1,3.2,3.2,3.2
x_Unseen_x,3.2,3.2,3.2
CheesyTurnip659,3.2,3.2,3.3
radius_iirc,3.2,4.5,4.5
Prolordsz123,3.2,3.2,3.2
0Myrro,3.2,3.2,3.2
XroseaX,3.2,8.3,9.8
LiteralNothing,3.2,3.3,42.5
puppyLayla,3.2,3.2,3.2
cuttlefish2,3.2,11.4,47.1
itamar68,3.2,3.2,3.2
RulyCoffee98252,3.1,3.1,5.4
LuxLeee_58,3.1,29.2,314.6
Moatkut,3.1,3.1,3.1
zjricha,3.1,3.1,3.1
LucasTayari,3.1,12.8,48.7
SirAtlas05,3.1,48.0,48.0
JaksSwords,3.1,3.1,3.1
Angelic_Beez,3.1,3.1,3.1
stonedonjewels,3.0,3.0,80.5
zecorasvensken,3.0,3.0,3.0
happiestgreen,3.0,13.8,15.1
Revender__,3.0,3.0,3.0
MC_lucans,3.0,3.0,3.0
mrdimondman,3.0,3.0,3.0
Naglafer,3.0,73.5,1983.4
Domino1234,3.0,32.5,39.8
Person777775,3.0,3.0,3.0
dodgethekidd,3.0,53.7,2076.4
R2va,3.0,3.0,3.0
burgithebest39,2.9,10.1,83.6
LACurran,2.9,2.9,2.9
Fipo_7,2.9,10.7,10.7
Potsnnpanz,2.9,2.9,2.9
Filiponio,2.9,67.8,67.8
ThreeApplesTall,2.9,105.2,2272.5
sirkarde619,2.9,33.3,664.8
_St1kman,2.9,2.9,2.9
OLIVER77777,2.9,2.9,2.9
The_Dwarf_Dale,2.9,2.9,509.1
Cynical_Darling,2.9,112.1,285.5
Inferno10000,2.9,2.9,2.9
YL0O,2.9,2.9,2.9
2kwy,2.9,40.3,53.1
HsmNewfriend,2.9,2.9,487.2
Nihad_king,2.9,4.6,4.6
Wolf53rd2,2.8,2.8,2.8
Flowerfem,2.8,48.5,142.8
Necromza,2.8,2.8,2.8
MaxxyRose,2.8,12.7,158.3
cheesbaguette,2.8,2.8,2.8
Masqo_,2.8,145.1,228.1
badcoast,2.8,2.8,2.8
AquidityAzul,2.8,2.8,2.8
Void_Monarch3939,2.8,5.5,72.2
Diablo879,2.8,2.8,2.8
BlackArc,2.8,2.8,2.8
crystalDaCracker,2.8,2.8,2.8
MaddGoose_,2.7,10.5,41.2
DueJet353204433,2.7,2.7,2.8
eingeeist,2.7,24.8,87.0
Seaxo,2.7,2.7,399.5
darkmatter4933,2.7,2.7,2.7
delicateblu,2.7,2.7,2.7
Stick_Ix_Nex,2.7,21.1,1450.2
DarkClawCal,2.7,2.7,2.7
NotANoobbb,2.7,2.7,2.7
quicksylver,2.7,52.6,66.4
reygot0rizz,2.7,2.7,2.7
rip_catty,2.7,2.7,2.7
JSDude437,2.7,91.5,533.3
BenPuma25,2.7,2.7,170.9
THEKILLER6,2.6,2.6,2.6
robot_dragons,2.6,2.6,2.6
BunzyFunzy,2.6,22.7,22.7
WaterhoodX,2.6,2.6,16.6
Nekroz09,2.6,73.4,2141.4
HighOnCafeine,2.6,2.6,2.6
l3el,2.6,2.6,2.6
TNTGuy_LOL,2.6,3.4,3.4
The_Zekk,2.6,5.9,670.0
clearly01,2.6,2.6,108.7
Klabar,2.6,11.4,11.4
ThiccSalmon420,2.6,2.6,2.6
Emeris4017,2.6,7.7,176.8
EngineeringBean,2.6,13.7,1092.3
RocketPadGamer,2.6,13.6,26.5
Kamillie1Bidan,2.6,2.6,2.6
AvianAeternum,2.6,3.8,270.0
yazoon24,2.5,2.5,2.5
Awhiz711,2.5,2.5,2.5
OWEN135791,2.5,2.5,2.5
OctoCorp_,2.5,2.5,2.5
nullDorito,2.5,133.0,1526.3
Sedacka,2.5,2.5,2.5
GeorgPlays,2.5,10.9,10.9
not_juliee,2.5,2.5,2.5
8inkleton,2.5,6.5,6.5
Rose__Fox2,2.5,2.5,2.5
RevannMyEngine,2.4,2.4,2.4
Gh0stlyWisper,2.4,2.4,2.4
lokilog,2.4,11.8,302.3
Chair2Head,2.4,23.7,56.0
sc00byd0024,2.4,17.8,18.0
Backwash,2.4,73.2,1551.2
Nascraft2735,2.4,2.4,2.4
LeonardoHuang7,2.4,2.4,2.4
t_yoshimura,2.4,2.4,2.4
SpaceHarvester,2.4,2.4,2.4
voroske3819,2.4,3.4,3.4
that1gamer12,2.4,2.4,62.1
Mongks,2.4,2.4,2.4
starry45901,2.4,2.4,2.4
Manitic027,2.4,2.4,2.4
mr_timur,2.4,2.4,2.4
Jaimiemie,2.4,134.6,5603.9
Trubactor,2.3,53.9,1168.7
Mineometry_3D,2.3,2.3,2.3
Bugybulldog,2.3,2.3,2.3
Unreputable,2.3,41.1,141.3
Saren_Solaris,2.3,2.3,226.8
NipsOfZeus,2.3,2.3,2.3
Lucifer420Xx,2.3,21.2,1523.8
Pipapips12,2.3,14.1,14.1
Scream0th,2.3,2.3,2.3
Ballywally_,2.3,6.6,6.6
AngelMoons_Apex,2.3,2.3,2.3
vhooss,2.3,2.3,2.3
DeadStar870,2.3,2.3,2.3
Abelians,2.3,11.3,121.1
inferno2317V,2.3,2.3,2.3
Jangiot,2.3,2.3,2.3
AstooMc,2.3,2.3,2.3
thatoneC02,2.2,2.2,2.2
AngryMuffin101,2.2,2.2,2.2
bluben12,2.2,25.6,79.6
JustAHuman12343,2.2,2.2,2.2
ytrewq64,2.2,5.3,393.2
magnusisthebest,2.2,2.2,2.2
DemiG0D447,2.2,2.2,2.2
NewEqq,2.2,134.6,564.4
SrNachino,2.2,3.8,3.8
SolarPearl,2.2,2.2,2.2
Bird_pug,2.2,2.2,2.2
Cabolito5,2.2,5.6,219.8
EmmaNancy,2.2,2.2,2.2
phisynn,2.2,2.2,2.2
DonutMT,2.2,148.6,1201.3
ChillAria_,2.2,2.2,2.2
BestBridge21877,2.2,9.5,9.5
jadenjb,2.2,2.2,556.4
SommDummy,2.2,15.3,136.0
TyrantUserper,2.2,2.2,2.2
ShadowAS23,2.2,2.2,2.2
Alloramora,2.2,8.7,8.7
ArcadeMonke,2.2,2.2,2.2
MATTRESSB4CH,2.2,2.2,2.2
Ir0nCr0ssLander,2.1,2.1,337.2
ScooterSJM,2.1,2.1,2.1
goingglobe52789,2.1,2.1,12.1
Argar2013,2.1,4.2,7.4
Bombadill31,2.1,2.1,2.1
TaifunL,2.1,2.1,2.1
Napoleon_26,2.1,2.1,2.1
EVDan,2.1,31.0,2510.0
FLyMAngo,2.1,2.1,2.1
juanitobombito,2.1,2.1,2.1
EsquireSK,2.1,5.6,5.6
_PaddeTT_,2.1,2.1,2.1
SimplyRekless,2.1,2.1,2.3
ImperialRhino37,2.1,207.7,359.9
Baroquoli,2.1,9.5,65.6
prod_xeltra,2.1,7.5,7.5
MacandCheesezz,2.0,2.0,2.0
I_An14,2.0,2.0,2.0
Im_noobie,2.0,2.0,2.0
Sleepyhenn,2.0,4.2,4.2
Ml322_,2.0,2.0,2.0
Blombut,2.0,2.0,2.0
SeriousSwimmerr,2.0,30.9,143.5
Isaac9199,2.0,2.0,2.0
PDJ_,2.0,2.0,2.0
Quant8,2.0,3.7,3.7
G5SleepPilot,2.0,2.0,2.0
tutkuw,2.0,2.0,29.7
KakeFruit,2.0,2.0,2.0
duckmp3,2.0,2.0,2.0
Prj_2,2.0,2.0,2.0
Kratang,2.0,9.7,77.7
Covertt__,2.0,2.0,2.0
Stepinlife,2.0,2.0,2.0
TGameroPros,2.0,4.4,15.4
GingerHotpot,2.0,33.3,875.7
OnyxGale,1.9,1.9,1.9
Tamcy,1.9,7.9,28.9
Plutouz,1.9,10.0,502.8
Sheeve_,1.9,32.7,1228.2
TechnoYuu,1.9,1.9,1.9
iamcookieboy,1.9,1.9,1.9
GJunichiro,1.9,1.9,1.9
Chubby_Waffle,1.9,9.9,9.9
polr8,1.9,12.7,28.6
Pitu420,1.9,1.9,1.9
Exsecrandus,1.9,4.2,4.2
Annatos,1.9,16.5,80.6
Aeumino,1.9,1.9,1.9
LCM_0702,1.9,15.9,20.2
duckie5432,1.9,1.9,1.9
emilpop2,1.9,18.8,1780.5
0fficerDucky,1.9,3.7,3.7
ozx360,1.9,1.9,1.9
unliveable,1.9,1.9,1.9
Spoopin_,1.9,163.2,1255.6
Godji012,1.9,1.9,1.9
Doodlenoodled,1.8,2.9,10.0
Honziik2010,1.8,1.8,1.8
Lico_o,1.8,5.6,123.4
llamaboy2012rn,1.8,1.8,1.8
SquidHasTheBad,1.8,24.4,1498.1
splattpus,1.8,1.8,1.8
Phantomgogo,1.8,1.8,1.8
Parcquee,1.8,6.6,22.7
AcordantAquarist,1.8,5.2,355.7
LoveWhiteWomen,1.8,1.8,1.8
ProgamerDX24,1.8,2.7,2.7
HeimrArnadalr,1.8,66.3,501.9
CZ10_XP,1.8,1.8,593.3
ziggyyuh,1.8,35.1,80.0
Tomahawk_762,1.8,4.4,197.4
SomeoneM14,1.8,23.4,23.4
NationGuy,1.8,1.8,1.8
swordfull,1.8,1.8,1.8
Dosinai,1.8,5.6,5.6
iSproutie,1.8,1.8,1.8
Foxo_oxo,1.8,5.5,15.2
DisgustingEgg,1.7,1.7,1.7
Urzork,1.7,17.3,623.5
THECOOLTHINGS,1.7,1.7,1.7
TheDragsterMC,1.7,7.0,364.5
Eyaniscool,1.7,1.7,1.7
milo180414,1.7,2.1,2.1
BeefyBeefyRiley,1.7,12.3,13.2
SpudPudding,1.7,1.7,1.7
PieThon_,1.7,1.7,1.7
intabra1,1.7,1.7,1.7
Michaelgamer276,1.7,1.7,1.7
bryc11ve,1.7,2.3,72.2
JA_C0B,1.7,28.6,416.3
Maskquade,1.7,1.7,1.7
I602I,1.7,1.7,1.7
Jay82877,1.7,1.7,1.7
i5P4mK4O2ibcOHX,1.6,1.6,1.6
Diurdi,1.6,27.3,995.7
Mascade,1.6,1.6,1.6
Silversamuel918,1.6,1.6,1.6
kowabungaroo,1.6,1.6,1.6
wxsrt,1.6,1.6,1.6
UltraCascade999,1.6,1.6,1.7
LesterG559,1.6,1.6,1.6
DSbulldogs,1.6,1.7,1189.6
BlackHand12412,1.6,9.4,379.1
ProFixerio,1.6,2.8,53.8
Deepi36,1.6,3.3,19.4
Matheez123,1.6,1.6,1.6
MrDigThis,1.6,1.6,1.6
mushmio,1.6,1.6,1.6
Lilliana_0,1.6,1.6,19.0
copyermes,1.6,1.6,1.6
RockOndra,1.6,5.5,5.5
NotShawnFrog,1.6,3.0,102.9
Brantonious,1.6,1.6,1.6
Imperial_Wish,1.6,8.1,8.1
Zr0e,1.6,1.6,1.6
Pafffelo,1.6,1.6,1.6
kleesaria,1.6,1.6,1.6
SimpleCro,1.6,1.6,1.6
Linsin66,1.6,1.6,1.6
TallestTheTall,1.6,1.6,803.6
Lennox240909,1.6,2.5,2.5
sync_xo,1.6,4.0,4.0
sleepy_arab15,1.6,1.6,28.4
td_d_ian,1.5,1.5,358.0
0P2W,1.5,1.5,1.5
BlookBaloon,1.5,1.5,1.5
MaximumMender44,1.5,1.5,4.0
ravencolne,1.5,57.6,57.6
husseib10,1.5,1.5,1.5
Samuxx3223,1.5,1.5,1.5
morphobutterfly,1.5,3.3,115.1
binchymonkey,1.5,2.6,245.2
noxxxinoxxx,1.5,1.5,1.5
DrakkenSturm,1.5,1.5,1.5
gfgfdfdff,1.5,2.9,524.4
Logic_Man,1.5,27.0,3045.6
VoidlessIDK,1.5,1.5,1.5
Minecrafun,1.5,1.5,1.5
ofjinx,1.5,1.5,1.5
CactusBeCool,1.5,27.9,424.6
__Krown__,1.5,1.5,1.5
ElementKZ,1.5,1.5,311.5
AshYoGurl,1.5,1.5,140.1
JakeRambo,1.5,3.8,1297.0
SheetRelic109,1.5,20.0,51.2
welovewood,1.5,1.5,1.5
kazooie911,1.5,1.5,1.5
marshallark16,1.4,1.4,70.0
Spenduh,1.4,49.5,1639.8
renero95,1.4,10.2,280.3
acheeronn,1.4,1.4,1.4
Mettyman,1.4,1.4,1.4
SirPlumb,1.4,1.4,1.4
alternativchik,1.4,2.0,5.8
C32shark,1.4,86.7,1829.1
Zomgoop,1.4,1.4,1.4
burningflames5,1.4,1.4,1.4
frogician,1.4,1.4,1.4
tommigunnn,1.4,1.4,92.7
Pharbath0s,1.4,1.4,1.4
zigiramz,1.4,1.4,13.3
Tlelouch,1.4,1.4,1.4
PhantomSquared,1.4,1.4,1.4
The_Player_101,1.4,5.0,98.9
rmido,1.4,21.3,21.3
Skooch7386,1.4,1.4,1.4
JacksGallBladder,1.4,1.4,84.3
geo00,1.4,1.6,188.3
Voxles,1.4,1.4,1.4
Ziegenbocker,1.4,1.4,44.5
Nahlha,1.4,1.4,1.4
Plrog,1.4,19.4,1228.9
Greenguy3203,1.4,1.4,1.4
LEVENTOPAIDO,1.4,1.4,1.4
curzz_,1.4,14.1,57.0
BarterGalaxy,1.4,1.4,1.4
milk_gaming,1.4,1.4,1.4
K1yuma,1.4,46.0,357.5
digkingvg,1.4,1.4,91.8
WitherV,1.4,1.4,1.8
GeeRyon19,1.4,1.4,1.4
alfmas7,1.4,1.4,1.4
taklue,1.4,1.4,1.4
DeadXKira,1.3,1.3,1.3
MissionCarp3127,1.3,5.0,236.9
Kingstell,1.3,5.4,2149.0
Chez_883,1.3,1.3,1.3
WormwoodMotors,1.3,1.3,1.3
Robomagical732,1.3,3.0,680.3
sxuxng,1.3,1.3,1.3
SeaKing162012,1.3,3.4,5.7
Moteroo,1.3,1.3,1.3
bowserfurylazr,1.3,1.3,1.3
CoolB0X,1.3,25.0,110.8
gendo1908,1.3,1.3,1.3
Keadles,1.3,1.3,1.3
OC_Shiee,1.3,1.3,1.3
LEBRONJAMESSsAS,1.3,1.3,1.3
Hotaco753,1.3,1.3,1.3
HiotCreeper859,1.3,1.3,1.3
Carldinals,1.3,5.4,5.4
Mallace,1.3,12.0,204.9
emilderking,1.3,4.3,752.8
_domain,1.3,11.8,109.8
Bynodites_,1.3,1.3,1.3
VinBing,1.3,2.8,163.8
UndoLose,1.3,1.3,1.3
We0n,1.3,19.1,19.1
Jughead700,1.3,1.3,1.3
Oryne,1.3,1.3,1.3
Razzy6,1.3,1.3,1.3
MTG79,1.3,1.3,1.3
_amethyst_knight,1.3,1.3,1.3
L1amMc1,1.3,1.3,1.3
YoNoble,1.3,1.3,1.3
Connorcool3000,1.3,1.3,1.3
CakedUp_WhiteBoy,1.3,1.3,1.9
Madzhis,1.3,1.3,26.0
SaltyMatt,1.3,2.2,2.2
Eyestrainz,1.2,3.0,219.6
NullifiedCat,1.2,1.2,1.2
zZCqmboZz,1.2,296.5,1328.5
lxstyy9396,1.2,1.2,1.2
M1_Grand,1.2,1.2,1.2
TheGhostofGaming,1.2,1.2,419.2
pinecone0179onYT,1.2,9.6,292.5
ForrestMoss,1.2,4.9,146.6
KeyErmine9794,1.2,1.2,1.2
agapemart,1.2,1.2,1.2
2DHypersphere,1.2,1.2,1.2
waffle_toes,1.2,1.2,1.2
jotasalta,1.2,1.2,1.2
WorthlessBean,1.2,11.0,179.3
thenebster123,1.2,35.8,274.9
Re_n3xt,1.2,1.2,1.2
MaxAtck,1.2,1.2,1.2
LittleH100,1.2,1.2,1.2
Toothless640,1.2,1.2,2.4
Ecaa43,1.2,1.2,1.2
Amizez,1.2,1.2,1.2
JessiFlight11,1.2,1.2,1.2
GaymerJavi925,1.2,1.2,1.2
Minecraftyoshi2,1.2,1.2,1.2
Posibility,1.2,18.3,23.9
RedSTONZevvee,1.2,1.2,1.2
MoonMiles,1.2,1.2,1.2
SoleSpy2726,1.2,1.2,1.2
BlueAxolotlMC,1.2,1.2,1.2
SamDouk,1.2,1.7,2.5
upsrunj,1.2,1.2,1.2
Not_Rex10,1.2,1.2,1.2
SyrCookie,1.2,1.2,1.2
JarofDust1035,1.2,1.2,1.2
DolphinKing1234,1.2,1.2,1.2
Simpology,1.2,10.6,2644.6
Kokoneee,1.2,1.2,50.6
SneakyTitan678,1.2,1.2,1.2
Ro_Por_Go,1.2,9.9,20.4
VenuiaDXI,1.2,1.2,1.2
COCKIEEE,1.2,1.8,1.8
TheKingAstolfo,1.2,1.2,1.2
oculys,1.2,1.2,1.2
mcowwi,1.2,8.1,8.1
picaro3,1.2,1.2,1.2
imnotsaransh,1.2,1.4,1.4
LibertyForce1,1.2,1.2,1.2
WoodlandFox7212,1.2,1.2,1.2
smiley090,1.2,5.8,6.9
XeilixK,1.1,1.1,1.1
whisky_1,1.1,2.8,725.9
Telvelticular,1.1,1.1,1.1
Blue8718YT,1.1,1.1,1.1
ProgrammerGod,1.1,8.1,1247.9
Lalo218,1.1,1.1,1.1
mijo0o0o0o,1.1,1.1,1.1
TheDiamond2523,1.1,1.1,1.1
FairestRumble,1.1,1.1,1.1
ABgotthewheel,1.1,1.1,1.1
CubineGaming,1.1,5.7,304.1
Cyoks,1.1,1.1,1.1
d_u_ck,1.1,1.1,1.1
PalateChocolate,1.1,1.1,1.1
Quiii579,1.1,1.1,1.1
Wrymshroud,1.1,1.1,1.1
Dud4vier,1.1,1.1,60.0
makmoud,1.1,1.1,14.6
fikussy,1.1,1.3,145.9
endman1_1,1.1,1.1,1.1
spasdude09,1.1,1.1,1.1
Enzol234,1.1,1.1,1.1
Combat1211,1.1,1.1,1.1
treegod59,1.1,1.1,1.1
Bananaphone112,1.1,1.1,1.1
ClicK13ITA,1.1,1.1,1.1
DPGabcwolf,1.1,1.1,1.1
jksul,1.1,1.1,1.1
All4Naught,1.1,1.1,1.1
Alphaenith,1.1,10.2,37.6
ProMarlin5,1.1,1.1,1.1
laysplay04,1.1,1.1,1.1
Scifi_PL,1.1,1.1,1.1
Two2ToToo,1.1,1.1,1.1
JohnSeabiscuit,1.1,96.2,105.8
WileyWizard225,1.1,1.1,1.1
Primis_Rulz,1.1,6.6,38.9
toob_ok,1.1,3.1,3.1
SteuerAlarm6785,1.1,8.8,8.8
Famine18,1.1,1.1,1.1
WinterHz16,1.1,2.1,2.1
defunctsnail187,1.0,1.0,127.5
fgelicker,1.0,4.5,4.5
Johooq,1.0,1.0,1.0
VitalCoin3800,1.0,36.7,113.5
iron_ingo,1.0,14.8,14.8
CrazyMoon657,1.0,1.0,1.0
u_gawd,1.0,5.7,19.1
Infernino,1.0,1.0,1.0
CamJax,1.0,18.7,18.7
bluepig1,1.0,1.0,1.0
themasterdalek,1.0,1.0,1.0
mdmdmdkdmr,1.0,1.0,1.0
_TheKingslayer,1.0,29.8,29.8
Squashcat_,1.0,7.6,236.0
swagcost,1.0,1.0,1.0
0men,1.0,6.4,379.4
NotJoqco,1.0,1.0,1.0
JoxLp,1.0,1.0,1.0
OreStraya,1.0,62.8,3883.6
Phinicz_404,1.0,1.0,1.0
gzreil,1.0,4.4,4.4
ArchVexryn,1.0,1.0,1.0
Cyro_That_Guy,1.0,1.0,1.0
PillDikle,1.0,1.0,1.0
kasinaut,1.0,1.0,1.0
doodle_08,1.0,1.0,1.0
portlet,1.0,1.0,1.0
jbayleaf,1.0,1.0,1.0
tubbzie,1.0,13.8,2044.9
catboyHoratio,1.0,1.0,1.0
Sagittarion355,1.0,1.0,1.0
glaggle2001,1.0,2.8,2.8
jakeMcraftYT_,1.0,1.0,1.0
Nasforatu999,1.0,1.0,1.0
MerryBrandybucks,1.0,1.0,1.0
hckera,1.0,1.0,1.0
MagicalJedi,1.0,1.0,2.8
Wolfybobbo18,1.0,1.0,6.1
nujiee,1.0,1.0,1.0
ChrisChrispie,1.0,2.5,863.0
spoonforknife,1.0,1.0,1.0
DeanGun09,1.0,5.9,13.5
subbycrub,1.0,1.0,1.5
RipoffPingu,1.0,1.3,925.5
prettyparfait,1.0,143.4,1752.7
DiogEn_7,1.0,2.6,29.4
CIantaa,1.0,1.0,1.0
BROM__,1.0,1.0,1.0
ArkenX,0.9,4.8,1787.4
Freagarthach_,0.9,0.9,560.9
DumbStuffz,0.9,2.1,2.1
OakCorgi4305993,0.9,0.9,0.9
Kilisaurus09,0.9,0.9,0.9
Bananenmusss,0.9,0.9,0.9
BettaFish_Reborn,0.9,0.9,0.9
Mr__Hacker,0.9,0.9,0.9
Bickersasaurus,0.9,0.9,23.6
Trobek2,0.9,0.9,0.9
PlumLettuce,0.9,0.9,0.9
xDastanK,0.9,22.9,71.8
9p8o,0.9,0.9,0.9
Kanuos,0.9,0.9,0.9
Rootbeerburp,0.9,0.9,1.0
Umbra007,0.9,0.9,0.9
TheBoxEater,0.9,0.9,0.9
ROADZER,0.9,0.9,0.9
RubraSol,0.9,0.9,0.9
Engel112235,0.9,0.9,0.9
SetteZeroTre,0.9,0.9,0.9
SilentOne7017,0.9,0.9,0.9
lmn4,0.9,0.9,0.9
doctorduckMC,0.9,22.1,22.1
Frigolitan,0.9,32.6,32.6
TRASHPANDAS223,0.9,0.9,0.9
SteelHand7,0.9,9.9,484.0
PR0JECT_ECL1PSE,0.9,0.9,0.9
ameori64,0.9,0.9,0.9
Feathercrown,0.9,7.5,331.0
uiinpuithebee,0.9,0.9,0.9
Squashified,0.9,1.1,36.5
S0MPENDER,0.9,0.9,0.9
redcap117,0.9,0.9,0.9
IceMaster2014,0.9,0.9,0.9
BornToLead,0.9,0.9,0.9
Trustyguy,0.9,0.9,0.9
_Asterisks_,0.9,40.5,71.7
SubPepper,0.9,2.9,31.5
MasonCrafter201,0.9,1.0,25.3
Prometis,0.9,0.9,0.9
laughingemojis,0.9,0.9,0.9
Flitsert,0.9,0.9,0.9
GriffMinester,0.9,0.9,0.9
watermelonmarcus,0.9,0.9,0.9
ItzTurtleKing,0.9,0.9,0.9
lthaca,0.9,0.9,0.9
TigerKnightMC,0.9,3.3,3.3
Artemiii,0.9,47.7,47.7
Pokoroa,0.9,0.9,0.9
CabumMan_,0.9,1.8,1.8
UpmostOrc,0.9,0.9,0.9
Zoluris,0.9,0.9,0.9
TheFateEE,0.9,0.9,0.9
Vai_,0.8,0.8,20.3
AbbieGrindstone,0.8,0.8,0.8
SunFlower73,0.8,0.8,481.3
king_ofwar,0.8,0.8,0.8
Mr_Panda_12,0.8,4.7,4.7
duckranger13,0.8,0.8,0.8
Okcool8001,0.8,0.8,0.8
TheAngryMan69,0.8,4.0,37.7
Enderfux,0.8,19.1,19.1
Super_Jake006,0.8,0.8,30.3
Fitian,0.8,9.0,16.9
ReadMacbeth,0.8,0.8,0.8
ArtosBread,0.8,0.8,0.8
kioskit,0.8,0.8,0.8
LeTan0806,0.8,0.8,0.8
Mascotilla,0.8,0.8,13.2
Aidoboy,0.8,0.8,0.8
Megapon,0.8,23.9,23.9
corndogstick,0.8,0.8,0.8
Zeynard,0.8,1.0,1.0
Oatbrans,0.8,0.8,0.8
DingleBerryCreep,0.8,0.8,0.8
Frenci543,0.8,0.8,0.8
PlatoniBanoni,0.8,0.8,0.8
satanicpanic1,0.8,0.8,0.8
Skipbin,0.8,0.8,0.8
ollidragon_,0.8,0.8,0.8
Canechurch,0.8,0.8,0.8
StrawbrryMilks,0.8,0.8,0.8
Fiekl,0.8,0.8,0.8
Pelonchasmx,0.8,0.8,0.8
jakex000,0.8,0.8,0.8
cosmojan,0.8,0.8,0.8
DriedAlpaca,0.8,0.8,0.8
Lysika_Lantariel,0.8,0.8,1531.8
CamTechLabGamer,0.8,0.8,0.9
bobikenjac14,0.8,0.8,0.8
Viridul,0.8,0.8,0.8
8ing,0.8,0.8,0.8
ZyanHere,0.8,0.8,0.8
7qou,0.8,4.6,223.6
Victide,0.8,0.8,0.8
FireBall_913,0.8,0.8,0.8
Piralit,0.8,0.8,0.8
rodi76,0.8,0.8,0.8
TRIDDER11111,0.8,0.8,0.8
Lingering112,0.8,13.4,13.4
LopsterBisque,0.8,9.3,1605.3
CanisPugnax,0.8,0.8,0.8
Tilty_McTiltface,0.8,1.4,3.7
cheese_dodo,0.8,4.7,6.7
Solo_Fighter,0.8,0.8,0.8
Qtechr,0.8,0.8,0.8
SparkyJuice,0.8,18.5,305.1
Aetvs,0.7,0.7,0.7
RockettBalloon,0.7,0.7,0.7
Darterglo,0.7,0.7,0.7
DavMat19,0.7,0.7,0.7
Dominius_x,0.7,1.1,1651.2
_xsetclix4533,0.7,1.7,37.8
yutube13555,0.7,0.7,0.7
TropicSnow,0.7,0.7,0.7
AzureMC,0.7,4.2,775.0
awesomejames12,0.7,0.7,0.7
BooLTonian,0.7,1.2,1705.6
BCGamingMC08,0.7,0.7,2.0
Ezazz53,0.7,12.1,12.1
darthwill23,0.7,0.7,5.9
Barrelseeker,0.7,1.0,1.0
SalamancaLalo,0.7,0.7,1.8
TrumpSuckedBill,0.7,0.7,0.7
Brossome2013,0.7,0.7,3.0
cwallyb,0.7,1.0,1.0
Mister_Beaver,0.7,2.5,2.5
JJAYCE870,0.7,0.7,0.7
SotoSpeak,0.7,0.7,0.7
_Muffled_,0.7,0.7,45.6
ItsNotYou_,0.7,0.7,0.7
Moirai_3242,0.7,7.3,88.6
jd7,0.7,1.3,31.3
DerWolfi1109,0.7,0.7,0.7
Jaxembu,0.7,0.7,0.7
2narly,0.7,0.7,0.7
Bejede,0.7,10.4,10.4
Des23,0.7,0.9,505.0
Falkom,0.7,0.7,0.7
Iroh_fan,0.7,0.7,0.7
Dragonistick,0.7,11.8,11.8
Octo_Kat,0.7,0.7,63.9
Kerzyyyy,0.7,0.7,0.7
plumpface,0.7,0.7,0.7
xlulx,0.7,0.7,0.7
21ve23,0.7,0.7,0.7
1Kayotic,0.7,3.5,1803.2
Anchormaren,0.7,0.7,0.7
ILikeKebab12,0.7,0.7,0.7
Cow_gamer123,0.7,0.7,0.7
SpaceTheNoob,0.7,0.7,0.7
SairoMC,0.7,0.7,0.7
kimmyosken2,0.7,0.7,0.7
lomlie,0.7,0.7,0.7
Benjamingoz,0.7,0.7,0.7
SlowfallP,0.7,0.7,0.7
LoreLightMc,0.7,7.6,17.7
leotheepicgamer,0.7,2.5,2.5
RyanWhoMines,0.7,0.7,0.7
ixemon,0.7,1.5,1.5
BigFoot1212,0.7,30.0,299.5
ax0lotl1367,0.6,0.6,0.6
LegosbyJacob,0.6,0.6,0.6
fishsticks47,0.6,103.3,1743.3
DutchCringe,0.6,4.1,365.5
Kingston201211,0.6,0.6,4.4
FunRada19,0.6,0.6,0.6
PretzlX_,0.6,0.6,0.6
julciaaa0303,0.6,0.6,0.6
Knucky_Duck,0.6,0.6,0.6
Linkitem,0.6,0.6,0.6
sharkielovers,0.6,0.6,0.6
Arceusblox,0.6,0.6,0.6
Tezqa,0.6,0.6,22.3
EmperorAirman83,0.6,0.6,0.6
4vsh,0.6,3.0,20.4
thunderstrucken,0.6,0.6,0.6
edihack,0.6,0.6,0.6
xomec,0.6,3.5,3.5
ExodiaTs,0.6,0.6,0.6
blockbu1ld3r,0.6,0.6,0.6
kippier_YT,0.6,0.6,0.6
EchoedEchidna,0.6,0.6,0.6
redmixtv,0.6,0.6,0.6
RMakarov,0.6,0.6,0.6
Benisgreat1234,0.6,0.6,0.6
Vo1dstar25,0.6,0.6,0.6
FlispMC,0.6,0.6,0.6
Zinc3200,0.6,0.7,854.5
Max_Imil,0.6,32.9,572.1
Samu_Xot,0.6,0.6,0.6
LordGoldmund,0.6,2.3,73.9
lolfie1345,0.6,0.6,0.6
Leanna1708,0.6,0.6,0.6
Ge0rqe,0.6,0.6,0.6
FellOffBridge,0.6,0.6,1.8
IronBoy442,0.6,0.6,0.6
Jacob43365,0.6,4.0,460.5
PacoTacoDaMaco,0.6,0.6,0.6
ToIraSanta,0.6,0.6,0.6
spiderkingvr,0.6,0.6,7.0
GpkTrex,0.6,0.6,0.6
Thermbal,0.6,0.6,0.6
aMudkipKing,0.6,0.6,0.6
Ospan,0.6,0.6,0.6
Smultring123,0.6,0.6,0.6
Moongen_,0.6,0.6,0.6
CJisreal,0.6,0.6,0.6
catflat10,0.6,0.6,0.6
FastStreakerV2,0.6,0.6,0.6
_blare,0.6,0.6,43.9
DartPro17,0.6,0.6,0.6
Dee_Wan,0.6,19.5,19.5
OxnHo,0.6,0.6,0.6
Phoenix18981,0.6,0.6,2.3
DisguisedPotato0,0.6,0.6,0.6
illager36,0.6,0.6,0.6
Tanochka,0.6,0.6,0.6
dotting_2,0.6,0.6,0.6
BorgorMCYT,0.6,0.6,0.6
Icklyre,0.6,1.1,59.4
StormBreaker190,0.6,0.6,0.6
Ocobros,0.6,0.6,0.6
math1582,0.6,0.6,0.6
Zeroox_YT,0.6,0.6,0.6
Klownix,0.6,0.6,0.6
mohmad_glitch,0.6,0.6,3.9
Mr_Kalboy,0.6,0.7,146.5
GreenLanternBoy,0.6,0.6,0.6
NiwiWithMango,0.6,5.1,5.1
Duthiee,0.6,0.6,0.6
Evrim,0.6,1.3,1.3
VnkRalfs,0.6,0.6,0.6
Onnie25,0.6,0.6,0.6
84841,0.5,0.5,35.4
kiko1001,0.5,0.5,0.5
johndoethe13th,0.5,19.6,84.1
SmisekStepi,0.5,0.5,0.5
Coradiabutsmart,0.5,17.0,389.3
SuperB_Plumber,0.5,0.5,0.5
Merdeces_Maybach,0.5,0.5,0.5
FantomZzZz,0.5,0.5,0.5
petevanukas,0.5,0.5,0.5
Lucas2012429,0.5,0.5,0.5
Espec17,0.5,52.7,576.4
luke50938,0.5,0.5,0.5
EmptyWords_,0.5,0.5,0.5
hugepoopie,0.5,0.5,256.9
SpeedyFire1000,0.5,8.0,298.5
NekoLeader77,0.5,0.5,0.7
Chain854,0.5,0.7,0.7
Armenadon,0.5,0.5,0.5
DodgyDirt,0.5,0.5,0.5
Parkelhal88,0.5,0.5,0.5
Koube8,0.5,0.5,0.5
brotherJonath,0.5,0.5,2.0
eyes_,0.5,0.5,0.5
saheeshah,0.5,0.5,0.5
Blaxor008,0.5,0.5,0.5
aneski,0.5,0.5,0.5
Luskysa11,0.5,0.5,1.2
minecrafter_14,0.5,0.5,0.5
fdh7805,0.5,0.5,0.5
PiLegendsYT,0.5,0.5,0.5
Fixationism,0.5,0.5,0.5
SimplyFwox,0.5,0.5,0.5
Elements_MC,0.5,0.5,0.5
MR_TUFF_520,0.5,0.5,0.5
CaptaiNSp4ZJr,0.5,2.0,2.0
vndone,0.5,0.5,0.5
mf003f,0.5,0.5,0.5
BelgianWaffle3,0.5,0.5,434.8
Peanuts1700,0.5,0.5,0.5
CosmicCobble,0.5,0.5,0.5
MR_GLUBSS,0.5,0.5,0.5
Erik_TK,0.5,1.7,1.7
boogel1,0.5,0.5,0.5
Peakun,0.5,1.7,1.7
esahc100,0.5,0.5,0.5
Erge,0.5,11.5,979.4
p4i3y,0.5,1.6,24.7
starRath,0.5,11.8,54.9
Fire358595,0.5,1.6,38.6
WesternDust,0.5,0.5,0.5
ItsDirtyDan,0.5,0.5,0.5
Lechh,0.5,0.5,341.6
Jogurt7777,0.5,0.5,0.5
DarkVortex21,0.5,0.5,0.5
Fylypeqq,0.5,0.5,0.5
0015_,0.5,0.5,0.5
Matt62128,0.5,0.5,0.5
SkaielL,0.5,0.5,0.5
Kingofworld444,0.5,0.5,0.5
Munch_Lax_,0.5,3.9,3.9
iSolarFlare,0.5,0.5,0.5
DynoBoy14,0.5,0.5,0.5
Freddo12346,0.5,0.5,0.5
z4_Ty,0.5,0.5,0.5
Solev_is_sleepy,0.5,0.5,0.5
_Ondio,0.5,0.5,0.5
its_witcher,0.5,0.5,1.9
ShearsX,0.5,0.7,0.8
Dannynowammy,0.5,0.5,13.1
CaptainDeepsea,0.5,0.5,0.5
eatapancake12345,0.5,0.5,0.5
GameKnight1905,0.5,1.7,1.7
D3monicBread,0.5,0.9,0.9
Willumk,0.5,0.5,0.5
fluffomancer,0.5,0.5,0.5
CamielValentijn,0.5,0.5,0.5
crafty3354,0.5,0.5,0.5
FIshy_Cow598,0.5,0.5,71.5
bearypawsome,0.5,3.6,3.6
paulinatorrr,0.4,0.4,0.4
Pinglit,0.4,0.4,0.4
Flecky47,0.4,27.3,659.6
Ciro100,0.4,0.8,0.8
FrosterJR5,0.4,3.3,441.1
SimonG4982,0.4,0.4,0.4
NemesisCy,0.4,0.4,63.7
Comassan_06,0.4,0.4,0.4
Albreima9,0.4,0.4,14.3
TO3Y,0.4,0.4,0.4
Karso8,0.4,0.4,84.9
slayergw,0.4,0.4,0.4
Anderkoo,0.4,0.4,0.4
LegitBlobfishYT,0.4,0.4,0.4
PeakSummer25834,0.4,0.4,86.6
Tecona_Yen9251,0.4,0.4,0.4
MIDNIGHTD00M,0.4,0.4,0.4
Oprix_,0.4,8.1,49.9
natesupermon,0.4,0.4,164.0
yunadoofx,0.4,0.4,0.4
M0tuZZZ,0.4,0.4,0.4
BluePulse0,0.4,1.9,1.9
TheNess22,0.4,0.6,2.2
MinuteMaster_MC,0.4,0.4,0.4
pxl25,0.4,0.4,0.4
Gosafan,0.4,0.4,0.4
Watcher11,0.4,0.4,0.4
Smokingkoala420,0.4,0.4,0.4
Not90,0.4,53.5,378.2
BlockyBros,0.4,9.6,15.1
im_a_nn,0.4,0.4,0.4
JaxsonFR,0.4,0.4,0.4
HeinerPenguin,0.4,28.5,28.5
Romanf64,0.4,0.4,0.4
zeph_yr1,0.4,0.4,0.4
PhantomRumble59,0.4,0.4,0.4
ShadezMC_,0.4,0.4,0.4
patrixck,0.4,0.4,0.4
Dormmouse,0.4,0.4,0.4
_weezii,0.4,0.4,0.4
Lore_il_supremo,0.4,0.4,0.4
WhyVerns,0.4,0.4,0.4
Macks210,0.4,1.1,190.9
SwordMaster7777,0.4,9.8,2123.4
OracleisHere,0.4,0.4,0.4
Luctation,0.4,0.4,0.4
koleejak,0.4,4.9,4.9
S4NTA,0.4,0.4,1166.7
Ente7070laptop,0.4,0.4,0.4
ninjanator4000,0.4,0.4,0.4
BootySoFine,0.4,0.4,266.5
Meir4383,0.4,0.4,0.4
Fatscheliho,0.4,0.5,4.3
ReadyP3,0.4,0.4,0.4
FYEBREAD,0.4,0.4,0.4
KYR_AJ,0.4,0.4,0.4
Zizoudebizerte68,0.4,0.4,0.4
ziggimtber,0.4,2.2,2.2
Buttpuff69,0.4,0.4,0.4
arsenc,0.4,0.4,0.4
_Ruth1ess_,0.4,0.4,0.4
Teteaulevain,0.4,0.4,0.4
egwoyZ,0.4,0.4,0.4
wu_schll,0.4,0.7,26.3
iG4tito,0.4,0.4,0.4
Barr0n_,0.4,0.4,7.3
mastergamerbas,0.4,9.4,54.1
CoolGamer9708,0.4,0.4,0.4
VacuumBridge366,0.4,0.4,14.4
Sp33dDemon_,0.4,7.2,7.2
Destinyreborned,0.4,0.4,0.4
khozensgaming25,0.4,0.4,0.4
mrmorganparker,0.4,0.4,0.4
Iluminatis,0.4,0.4,0.4
Dauern,0.4,0.4,0.4
CuriusAftermath,0.4,0.4,0.4
larpmasterxd,0.4,0.4,0.4
ItzVaylo,0.4,1.9,1.9
Shorkify,0.4,0.4,0.6
Ylamicka,0.4,0.4,0.4
TheManWhoIsBean,0.4,0.4,313.6
6aleks,0.4,0.4,0.4
Captainrekrab,0.3,0.8,0.8
saroomba,0.3,0.4,124.6
enwyz,0.3,0.3,0.3
rustbucket23,0.3,4.5,122.8
Jqkz,0.3,2.1,679.3
Reintje2000,0.3,0.3,0.3
lavishsalt8321,0.3,0.3,0.3
DinoBacon,0.3,0.5,0.5
Huttomolga,0.3,78.7,78.7
Jimbakos,0.3,0.3,0.3
VejuzasArbz,0.3,1.3,1.3
rx2y_fr,0.3,0.3,0.3
AirDav,0.3,6.0,128.1
Throwmatter,0.3,0.3,0.3
Stick6897_YT,0.3,0.3,0.3
theunreales,0.3,2.1,1359.2
funkyman13213,0.3,0.3,0.3
trizzzx,0.3,8.1,946.6
SimsekMcali,0.3,1.2,8.3
Ma_Zo,0.3,0.3,0.3
mellimook,0.3,1.8,9.4
MiddleCircle77,0.3,0.3,24.2
KlaudiaMjau,0.3,0.3,0.3
Trainly,0.3,1.0,1.0
HerzogEhedem,0.3,0.3,0.3
yomini007,0.3,1.3,1.3
StinkyGoon34,0.3,0.3,0.3
jakevidoe111,0.3,1.2,1.2
Rexxzii,0.3,0.3,0.3
DeclinedMouse,0.3,0.3,0.3
perko54,0.3,0.3,0.3
Defkiller44,0.3,0.3,0.8
Abel7788,0.3,1.2,11.0
Suburani,0.3,0.3,0.3
Butter_cat1903,0.3,0.3,0.3
Ansgardd,0.3,10.2,619.9
Gaming_force,0.3,0.3,0.3
Davidof7567,0.3,0.3,0.3
One_life_left,0.3,0.3,0.3
GoldenMoney1072,0.3,0.3,0.3
Frodo1677,0.3,0.3,2.1
Sirteeth,0.3,0.3,0.3
__SatoruGojo,0.3,0.5,0.5
SolsticeMachine,0.3,0.3,0.3
ppsu,0.3,0.3,0.3
z4nityy,0.3,0.3,1.1
ImStabby_,0.3,0.3,0.3
Unc_Sam67,0.3,0.3,0.3
SurfDiagram,0.3,0.3,0.3
thatkidrun21,0.3,0.3,0.4
Aced65,0.3,0.3,0.3
ilove_hotdogs,0.3,0.3,0.3
MuriloScher,0.3,0.3,0.3
yendarb,0.3,0.3,0.7
Urusnik88,0.3,0.3,0.3
PenQuill,0.3,0.3,0.3
_a_BiT_MoRe_,0.3,0.3,0.3
TheBlue9090,0.3,0.3,0.3
UnfSplendor,0.3,0.3,267.2
Jmilk,0.3,0.3,0.3
UnicornPvke,0.3,0.3,226.5
speed_cj,0.3,0.3,0.3
AdobeAuditionCC,0.3,0.3,0.3
PotatoChippz,0.3,0.3,0.3
fisk12345,0.3,0.3,0.3
incognimus,0.3,0.3,0.3
Executioner690,0.3,99.6,423.8
Amongusatwork,0.3,0.3,0.3
AnEchoNamedRay,0.3,0.3,61.6
NekoPawsz,0.3,0.3,0.3
RosewoodMoney46,0.3,1.3,5.4
BestPlayerIs,0.3,0.3,0.3
alibobble,0.3,0.3,0.4
angryturtle4270,0.3,0.3,0.3
x_emo_boi_x_420,0.3,0.3,0.3
jjeromy,0.3,0.3,0.3
z_MONKE,0.3,0.3,20.8
dkSeall,0.3,0.3,0.3
_henceforth_,0.3,0.3,0.3
MoldiestCheese,0.3,2.8,27.5
_JayJay1,0.3,0.3,0.3
TheMoosePirate,0.3,0.3,0.3
enviroactivist3,0.3,0.3,0.3
Maphie,0.3,0.3,0.3
IJseventy,0.3,0.3,1.0
Ashperstam,0.3,0.3,0.3
ST4M22,0.3,0.3,0.3
procrafter5050,0.3,2.6,2.6
Lynox_2x,0.3,4.8,4.8
beinbean13,0.3,0.3,214.9
odwn,0.3,2.1,2.1
op_fishy,0.3,0.3,0.3
Lelemystere,0.3,0.3,0.3
vassik1234,0.3,0.7,0.7
Cozier_,0.2,0.2,0.2
silly_plays_game,0.2,0.2,0.2
Mean_Melon,0.2,0.2,0.2
Midnight_Hornet,0.2,0.2,0.2
MrJeremyFisher,0.2,10.7,2387.1
certifiedjasmine,0.2,0.2,0.2
arcane__mc,0.2,0.2,56.6
ForDaEmprah,0.2,0.2,0.2
Janek77Adam,0.2,30.6,140.1
rando568,0.2,0.2,0.2
4Enex,0.2,0.2,0.2
thecattnt,0.2,0.2,18.0
jxomie,0.2,0.2,0.2
j141135,0.2,0.2,0.2
dolch,0.2,0.2,0.7
0Butt3rfly0,0.2,0.2,0.2
VOXPIP,0.2,0.5,14.6
F3lixFoox,0.2,0.2,0.2
CHAROO98,0.2,0.2,0.2
ezclab1,0.2,0.2,0.2
MaGoMC,0.2,0.2,0.2
PizzaBoy145,0.2,0.2,0.2
roymanhoi,0.2,39.4,39.4
liyile,0.2,0.2,0.2
K43L_3TH4N,0.2,0.2,0.2
AuhnaNaki,0.2,0.2,0.2
El_Eyeo,0.2,3.4,11.5
Redlin1,0.2,0.2,0.2
lemonrelic,0.2,0.3,25.9
co440r,0.2,0.2,0.2
KarmaCraft21,0.2,0.2,309.4
Innatee,0.2,2.1,1248.8
toovii,0.2,0.2,0.2
Catputer500,0.2,22.0,95.1
teretalo11,0.2,0.9,80.4
Block_Jojo,0.2,0.2,0.2
boblava130920,0.2,0.2,46.2
chromesouls,0.2,0.2,5.8
V10_4ever,0.2,0.2,0.2
itsrobin50,0.2,0.2,0.2
1ntra,0.2,0.2,0.2
Bubak_Miska,0.2,0.2,0.2
Ascant,0.2,2.6,995.0
FlameFragz27,0.2,0.2,0.2
Biabao,0.2,1.8,3.0
indenter,0.2,0.2,0.2
MetaRat,0.2,0.2,0.2
Blazingwater,0.2,0.2,0.2
Wazzo_The_Great,0.2,0.2,0.2
SoppenHeimer,0.2,0.2,0.2
SneedChungus,0.2,2.9,1353.7
BouJazzy,0.2,0.2,8.0
chameleon_eater,0.2,0.2,0.2
bald,0.2,0.2,0.2
Pichler44,0.2,1.4,1.4
Shmeagle_,0.2,0.2,0.2
Vasqual,0.2,0.2,0.2
Endology332,0.2,7.4,245.5
moldified,0.2,0.2,0.2
Arbidos,0.2,1.7,372.8
123TinyGod321,0.2,0.2,0.2
koopaee,0.2,0.2,0.2
Entrie,0.2,0.3,369.2
drewbidoo13,0.2,0.2,98.3
Aismais,0.2,10.3,10.3
Zyroxxxxxx,0.2,0.2,0.2
Charming_cjbrown,0.2,0.2,0.2
capten_alexander,0.2,3.7,3.7
cdxt,0.2,0.2,0.2
ARQOZ,0.2,0.2,0.2
ManyAnts,0.2,0.2,151.8
chips_and_salsa_,0.2,0.9,694.4
AGWarrior99,0.2,4.6,6.3
TimmySwitsrland,0.2,0.2,0.2
MrFrenchfry0,0.2,0.2,0.2
_Dest,0.2,0.2,5.2
Spyder_Jockey,0.2,0.2,0.2
Aekuqre,0.2,0.2,98.1
bruh_the_potato,0.2,0.2,0.2
Kimi4903,0.2,1.1,481.5
Sirboss001,0.2,8.5,769.9
Daily_Fighter,0.2,0.8,9.9
beezbaz,0.2,0.2,0.2
autystyk,0.2,0.2,0.2
jr212,0.2,22.6,732.1
wyspwasp,0.2,0.2,0.2
JonaFroV2,0.2,0.2,0.2
Fnuuy,0.2,0.2,0.2
Velssie,0.2,0.2,0.2
WallaceWu2586,0.2,0.2,0.2
MoonLightCity,0.2,0.2,0.2
MisstyYT,0.2,0.2,0.2
MoahBalin,0.2,0.7,132.3
Evoltblakholere,0.2,0.2,0.2
Teihoka,0.2,0.3,0.3
mlag05,0.2,0.2,0.2
prastaryenderman,0.2,0.2,0.2
BadPanul,0.2,0.2,0.2
FBI_SURVE1LLANCE,0.2,0.2,0.2
Srdane,0.2,0.2,0.2
HHKern,0.2,0.2,0.2
Martin1203,0.2,0.2,0.2
Uvioso,0.2,0.2,0.2
hedrone,0.2,0.2,78.0
soustas,0.2,0.2,0.2
SlothInASuit,0.2,1.2,3562.8
NeverGrimm,0.2,0.2,288.3
Tukillah,0.2,0.2,0.2
CARLWEEZER,0.2,0.2,0.2
GreensmithR,0.2,15.2,15.2
KensingtonCreep,0.2,0.2,0.2
Marmakauve,0.2,0.2,0.2
IGuessNone,0.2,0.2,0.2
Nooby05,0.2,0.2,0.2
itzPlatypusOrNot,0.2,0.2,0.2
L3maneusz,0.2,0.2,47.5
DrickoD,0.2,0.2,0.2
SeniorGryphon,0.2,4.2,424.4
yeetmaster800,0.2,0.2,0.2
fjrsjk,0.2,0.2,0.2
HONY406,0.2,0.2,0.2
TheThomasGamer9,0.2,0.2,0.2
c6f_,0.2,0.2,0.2
leitupoiss,0.2,0.2,0.2
xisaru,0.2,1.0,32.4
Shorwinds,0.2,0.2,0.2
Fraxon12,0.2,0.2,1.1
TechnoVerse17,0.2,0.2,0.2
coolmic9,0.2,0.2,12.3
THUMMMBB,0.2,0.2,0.2
wo1fs,0.2,0.2,0.2
Doodle_TPG4L,0.2,0.2,0.2
Dertid,0.2,0.2,0.2
spoke1979,0.2,0.2,0.2
RocketStick,0.2,3.7,3.7
Hail2B2T,0.2,0.2,0.3
L_uminae,0.2,0.2,0.2
frenguelli,0.2,8.5,8.5
MrPaniniQc,0.2,22.1,22.1
katiauu,0.2,0.2,0.2
Zendex,0.2,6.5,6.5
Quickmia,0.2,0.2,821.4
Monogradient_,0.2,2.9,2.9
gaitaman_o_gordo,0.2,0.2,0.2
Gaymer_123,0.2,0.2,0.2
A2TH0N,0.2,6.6,6.6
Parkar_wav,0.2,0.2,0.2
GTTW_Peanut,0.2,0.2,0.2
BigFatLag,0.2,1.8,1.8
Duckie0_0,0.2,0.2,0.2
Kittyfaic,0.2,0.2,0.2
WarwickZA,0.2,0.2,0.2
tomatowe,0.2,0.2,0.2
RantinRaptor,0.2,1.4,47.6
RIPUncleRonPig,0.2,0.2,0.2
omokami,0.2,0.5,829.4
Fueggoo,0.1,0.1,0.1
dustyrayton2,0.1,5.6,309.8
SteveTheStoner_,0.1,0.1,0.1
erokex,0.1,18.0,31.5
GoodSlash101,0.1,0.1,0.1
anyone000000001,0.1,0.2,264.5
SinkleCTB,0.1,0.1,0.1
Neptune_XD,0.1,0.1,0.1
nmack2021,0.1,7.9,7.9
shtim,0.1,0.4,223.7
Noah_Ost,0.1,0.1,0.1
UnknownDesigner,0.1,0.1,0.1
MorF4ll,0.1,6.1,6.1
thesuperdoctorX,0.1,0.1,0.3
Duck2Quack,0.1,0.1,0.2
DielwartGuest,0.1,0.1,0.1
Padi142,0.1,0.6,325.3
mjestic,0.1,1.3,1.3
TU0LMsPP1n,0.1,0.1,0.1
DustDust_Sans,0.1,0.1,0.1
arkeod2,0.1,0.1,0.1
g_lazan,0.1,0.1,0.2
lymonzi,0.1,0.1,0.1
xelocityS,0.1,0.1,0.1
firecat54,0.1,0.1,0.1
silverwolf99990,0.1,0.1,0.1
DarkArcherJJ,0.1,10.4,732.7
Cloudy4life,0.1,0.1,0.7
_WildGoose_,0.1,0.1,0.1
HoudiniPt2,0.1,0.1,34.9
Tregs_,0.1,0.1,0.1
LarryIsCooll,0.1,2.8,2.8
VOID_ytthereal,0.1,0.1,0.1
heartanattacks,0.1,0.1,0.1
TheOmeero,0.1,0.1,0.1
Vo1d1an,0.1,1.6,1.6
Nutellabar,0.1,0.1,0.1
pizza_of_frog,0.1,0.1,0.1
hipostajm,0.1,0.1,0.1
Ech0o_o0,0.1,0.1,158.2
yoyo80607,0.1,0.1,0.1
TengoldXXIV,0.1,0.1,0.1
Lukaccino21,0.1,0.1,0.1
hayzzEU,0.1,0.1,0.1
NickyWooHooONYT,0.1,0.8,0.8
Thegodlyslug,0.1,0.1,0.1
markusmarej,0.1,0.1,0.1
V4R4UG,0.1,0.1,0.1
TimKoen97,0.1,0.1,0.1
JackTonda,0.1,6.7,6.7
who0areyou,0.1,7.7,7.7
Filmknaster,0.1,0.1,0.1
0p__q0,0.1,0.1,0.1
SweatBot777,0.1,0.1,0.1
Mrjeepers7389,0.1,0.1,0.1
speedforce12359,0.1,2.6,46.8
_benzodiazepine,0.1,0.2,86.3
KingPhillip0810,0.1,0.1,0.1
ItsEpicDragon,0.1,0.1,7.3
theREMYstarr,0.1,0.1,0.7
Infahitch,0.1,0.1,72.3
Lightning62,0.1,0.9,72.2
Wondertime,0.1,0.1,0.1
rileyskey31,0.1,0.1,0.1
redqwiller,0.1,0.1,0.1
Not_LawRuin,0.1,0.1,341.5
_EtherealMoss_,0.1,0.1,270.2
Vyqzy,0.1,0.1,0.1
myman2013,0.1,0.1,0.1
Quanti_MEOW,0.1,0.1,2.0
Memm_idk,0.1,0.1,0.1
Ajlfasu,0.1,0.1,0.1
Holse18,0.1,0.1,0.1
aircoon,0.1,19.6,19.6
Pikachu17Tim,0.1,0.6,265.7
Ziy_Piiee,0.1,5.0,5.0
Snowpix_,0.1,2.6,77.2
Panacek,0.1,0.1,0.1
thevoid4002,0.1,0.1,0.1
Armando_Corleone,0.1,0.1,0.1
Blockk_N_Roll,0.1,0.1,0.6
Systym_,0.1,0.1,0.1
Zeakyzm,0.1,0.1,0.1
kayramuce,0.1,0.1,0.1
wateractivity52,0.1,0.1,0.1
GooberJJ,0.1,0.1,0.1
nkGr1mm,0.1,0.1,0.1
Neeneecool,0.1,0.1,0.1
JaydenSharky,0.1,0.1,0.1
Shadowwynx,0.1,1.4,1.4
XxViperBite,0.1,0.1,0.1
pmhc,0.1,0.1,0.1
Fallen_Shadowman,0.1,0.1,0.1
Loseone2find,0.1,0.1,0.1
IKEA_FRIDGE,0.1,0.1,33.1
SourFlowerz,0.1,0.1,0.1
Waffle_Mix,0.1,0.1,0.7
PokemonTeams,0.1,0.1,0.1
TFMpeak,0.1,0.2,0.2
egg_og,0.1,0.1,0.1
Rosin25,0.1,0.1,0.1
OneSpookyGhost,0.1,0.1,0.1
Invexz,0.1,0.1,0.1
THEGAMINGGUY1985,0.1,0.2,7.5
keegan1119,0.1,0.1,0.1
aliensockpuppet,0.1,0.3,0.4
WobbySpider,0.1,0.1,0.1
Aporiture,0.1,0.1,0.1
DogBisquits,0.1,0.1,0.1
Hemp_Bone,0.1,3.6,53.9
teletubykiller57,0.1,0.1,0.1
eeveeevee,0.1,0.1,0.1
Aarkein_Devead,0.1,0.1,0.1
queueif,0.1,0.1,0.1
calvin_16,0.1,0.1,0.1
Pla1nsight_,0.1,0.1,0.1
Nk2612,0.1,0.5,0.5
CatBoSS673,0.1,0.1,0.1
KingFangus,0.1,0.1,0.1
Zinvictan,0.1,1.9,611.7
Paul7227,0.1,0.1,0.1
HHAAARRRY,0.1,0.1,0.2
OmerBenGera,0.1,0.1,75.3
ChaosCatthe2,0.1,0.1,0.1
zanuox,0.1,0.1,0.1
SuperSushiNoNo,0.1,0.1,0.1
0Hayls0,0.1,0.1,0.1
Rawnaldo,0.1,0.1,0.1
X2VIPER,0.1,0.1,0.1
raincoates,0.1,0.1,0.1
TheWickedOrange,0.1,0.1,0.1
cactusjuicexx,0.1,0.1,0.1
InfinityPop,0.1,0.1,0.1
OLGEAZ,0.1,0.1,0.1
Evorly,0.1,0.1,0.1
Martin_A_G,0.1,0.1,0.1
JustyMCJusty,0.1,0.1,0.1
PTomik13,0.1,0.1,0.1
Aleyo01,0.1,0.1,0.1
soulfire050977,0.1,0.1,0.1
I9B4,0.1,0.1,0.1
ThatNoobyDude,0.1,0.1,0.1
BRA2IL,0.1,0.1,0.1
BbeebeeB,0.1,0.1,0.1
Goldshark_402,0.1,0.1,0.1
Vikopika,0.1,0.1,0.1
RelicBound,0.1,0.1,0.1
luna_pixiedust,0.1,0.1,0.1
Reestablishing,0.1,0.1,0.1
Emperor_Vas_Z,0.1,0.1,0.1
2GPU,0.1,62.3,62.3
Stoftprodragon,0.1,0.1,0.1
lyniuxx,0.1,0.1,0.1
BionicOrc,0.1,0.1,0.1
Fallen0knight,0.1,0.1,0.1
nauik,0.1,0.1,0.1
Bakasura1,0.1,15.2,15.2
anonyomusgod,0.1,0.1,8.9
yellowgrassy,0.1,0.1,0.2
Revlinee,0.1,0.1,0.1
Jezar157,0.1,0.1,0.1
FFrenzyss,0.1,0.1,0.1
ThatOneSkyGuy,0.1,0.2,152.7
ManyMissiles,0.1,0.1,0.1
0dork,0.1,0.1,0.1
1Dork,0.1,0.1,0.1
Ollieguy1234,0.1,0.1,0.1
AlvarezzTT,0.1,0.1,0.1
JPMZ08,0.1,0.1,0.1
Sisar0912,0.1,0.1,0.1
Terratalionis,0.1,0.1,0.1
PapaWalrus01,0.1,0.1,0.1
sSuperDomO,0.1,2.6,36.6
B0RIS1,0.1,0.1,0.1
BrokenMyst,0.1,0.1,0.1
Zillafighter,0.1,1.1,1.1
naotori_,0.1,0.1,0.1
Gleebie,0.1,0.1,1.3
DarthNachos44,0.1,0.1,0.1
silentmonarch26,0.1,0.1,0.1
yna895f5,0.1,0.1,0.1
Anomalia12,0.1,1.2,1.2
ssc_bundesliga,0.1,0.1,0.1
MBazius,0.1,0.1,0.1
Riyo48,0.1,0.7,0.7
nacrobat,0.1,0.1,0.1
IAscTcaokuennt,0.1,0.1,243.0
zhangwentian,0.1,10.0,10.0
ManicSugar,0.1,0.1,30.7
happyfeet4607,0.1,16.0,64.1
zzKenStarz,0.1,0.1,0.1
FelixTheFiend,0.1,0.1,0.1
plut0_nium,0.1,0.1,0.1
MrBored1,0.1,0.1,0.1
clonewarsfan99,0.1,0.1,0.1
Osiris13,0.1,16.9,16.9
furiousfox10,0.1,2.7,2.7
MythicMaine,0.1,0.1,0.1
E_Mac_,0.1,1.6,561.9
Waltar100,0.1,0.1,0.1
SpringImmortal,0.1,0.6,1.8
silliestparker,0.1,3.2,3.2
drone885,0.1,1.2,1.2
Arcticwaddler68,0.1,0.1,0.1
BILBOWW,0.1,0.1,0.1
qikzap,0.1,0.3,0.3
NotLilek,0.1,0.1,0.1
runruncool,0.1,0.1,0.1
wessxz,0.1,2.8,2.8
0__PizzaToma__0,0.1,0.1,0.1
sky102998,0.1,0.1,0.1
LucarioGamesCZ,0.1,0.1,0.1
NPC3333,0.1,0.1,0.1
BenzoEG,0.1,2.5,1112.2
Sei240519,0.1,0.1,0.1
chiri20,0.1,2.8,2.8
Dark_Forest797,0.1,0.1,0.1
tectite,0.1,0.1,0.1
ItzHeavenly1,0.1,0.2,0.2
ALEXDAG3256,0.1,0.1,0.1
ValiantShoe,0.1,0.1,96.1
OC0k,0.1,0.1,0.1
Gromp01,0.0,0.0,0.0
Murrvas,0.0,0.4,59.9
marada_sword,0.0,5.4,150.4
philip123i,0.0,0.0,0.0
webendia303,0.0,0.0,144.6
GayFrogWvter,0.0,0.0,0.0
Morderin,0.0,0.0,0.0
chinesedealer,0.0,0.0,0.0
sirpaperman,0.0,0.0,0.0
Aeryrion,0.0,0.0,89.5
Prizzen,0.0,0.0,0.0
Niatron91011,0.0,0.0,0.0
Vitli,0.0,0.0,0.0
Pairl,0.0,0.0,0.0
paulinhocool,0.0,0.0,0.0
Robbert4MC,0.0,0.0,0.0
GreenT4bby,0.0,0.0,0.0
mikator9003gg,0.0,0.0,6.1
pehasx,0.0,0.0,0.0
Duckman427,0.0,0.0,0.0
Hanzo_Modi,0.0,0.0,0.0
gmaer34,0.0,0.0,0.0
PneuDoJorge,0.0,0.0,12.3
Monkeyzzzzzzzz,0.0,0.0,8.6
ScrewVeryLoose,0.0,0.0,0.3
JacAttack2013,0.0,0.0,0.0
5pay,0.0,0.0,0.0
kuxiraa,0.0,0.0,0.0
Vipexxxx,0.0,0.0,0.0
rejectposer,0.0,0.0,0.0
fluxy2014,0.0,0.0,0.0
Louistzy,0.0,0.7,0.7
ChrisThunderfart,0.0,0.0,0.0
InfinityNexus,0.0,0.0,0.0
ARNACIOUS,0.0,1.8,231.7
iKeyLogOMG,0.0,0.1,2.1
wookle,0.0,0.0,0.0
Sappyfoe,0.0,0.0,0.0
Aspanar,0.0,0.0,1.9
Wapiuuu,0.0,0.0,0.0
Zackthedudeo111,0.0,6.7,6.7
AlexanderTheBest,0.0,0.0,85.4
vinhnumber1,0.0,0.0,0.1
numsea,0.0,0.0,2.6
TolypeVelleda,0.0,0.0,1129.6
novastrikelol,0.0,0.0,0.0
Visor_0,0.0,0.0,0.0
ItsNinjay,0.0,0.0,0.0
WitherBro737,0.0,0.1,26.6
slumber_kitten,0.0,0.0,0.0
cartoafee,0.0,0.0,0.0
Potiaroma,0.0,0.0,0.0
Entirr,0.0,0.0,0.0
Eristnicht2,0.0,0.0,0.0
nThijs,0.0,0.0,0.0
arimayer154_t,0.0,65.7,65.7
mcbeath31,0.0,0.0,0.0
exqetical,0.0,0.0,0.0
potago,0.0,1.3,1.3
XDNotJus,0.0,2.0,2.0
ItzVortx,0.0,0.7,9.9
Beqa__,0.0,0.0,0.0
Spectralllium,0.0,0.0,0.0
Oreo_Milka,0.0,0.0,0.0
ALPHA257,0.0,0.0,0.0
Nootje1234,0.0,0.0,0.0
Tasmodia,0.0,0.0,0.0
wowj,0.0,0.0,0.0
TheMonstrum2,0.0,0.0,112.7
luckluc4243,0.0,59.5,328.4
XNeko99,0.0,0.0,0.0
jarda1818,0.0,2.9,2.9
ooDream6644,0.0,0.0,0.0
Morty_Exe,0.0,0.0,0.0
SYPHEN102,0.0,0.0,0.0
BeaverMon,0.0,0.0,0.1
TheLuoye_,0.0,0.0,0.0
xx_epicknight_xx,0.0,0.7,0.7
TyphoonOFMonkeys,0.0,0.0,0.0
IronJoeboy,0.0,0.1,1.6
t0mcat1,0.0,4.1,89.9
szepess,0.0,0.3,1217.7
pixelman39,0.0,0.0,0.0
mimus_,0.0,0.1,0.1
Spriterunner,0.0,0.0,0.1
HessianChungus,0.0,1.4,88.1
MrGold5643,0.0,0.0,0.1
Blake_rl,0.0,0.0,0.0
rosjeev,0.0,0.0,0.0
iPhearz,0.0,0.0,0.0
_Highboy_,0.0,0.0,829.3
ELHGAMERCRAFTYT,0.0,0.0,0.0
fuzzy2029,0.0,0.0,0.0
KE09DK,0.0,0.0,0.0
_CASA_,0.0,0.0,0.0
lisa1296,0.0,0.0,0.0
Smeagol_404,0.0,0.0,0.0
Vexlith,0.0,0.0,0.0
Itzrealtomogavka,0.0,0.0,0.0
CripPvP,0.0,0.0,28.4
Alydiuses,0.0,0.0,0.1
Piekpy,0.0,0.6,0.6
SlavicNitrous,0.0,0.0,22.7
saladmanboy,0.0,0.0,0.0
M0NKEYB0Y2046,0.0,0.0,0.0
ZylovX,0.0,0.0,0.0
QurrrEVO,0.0,0.0,0.0
Im_Ramz,0.0,0.1,0.1
randomguys0101,0.0,3.4,530.1
ChoraParaUmCat67,0.0,0.0,0.0
candlelighting,0.0,0.0,0.0
Moneybombers,0.0,0.0,0.0
Bakaronyt,0.0,0.0,0.0
RafaeloMC,0.0,0.0,0.0
Theredmentalist,0.0,0.0,0.0
Joker_0505,0.0,0.0,0.0
Bofune,0.0,0.0,0.0
ArBrat,0.0,0.0,0.0
HeyNiekos,0.0,0.0,0.0
TheBlueGuy_67,0.0,0.0,0.0
JoTa_510,0.0,0.0,0.0
kkifff,0.0,0.0,0.0
Axxalodle,0.0,0.0,2.1
dly5u0,0.0,10.9,12.3
DaNotEpikNoob,0.0,0.0,0.0
NO_PERSON_,0.0,0.0,176.6
MFNTER,0.0,0.0,0.1
MUCOLLI,0.0,0.0,3.6
axiom_one,0.0,0.0,0.0
MeltingSabbath,0.0,0.0,0.3
PhilippineAqua,0.0,0.0,0.0
masteropqw3,0.0,0.0,0.0
ARealFriedWing,0.0,0.0,94.5
CommandoBread,0.0,0.0,0.0
Rattus42,0.0,0.0,0.0
Flynzy,0.0,0.0,0.0
Muhammehd,0.0,0.0,0.0
blaze22873,0.0,0.0,0.0
CuriosityEd,0.0,0.5,0.5
Gamer10161,0.0,0.3,300.7
ITZzeeek,0.0,0.0,0.0
alyssah3re_,0.0,0.0,0.0
DeniWasMurdered,0.0,0.0,0.0
M1sttYT,0.0,0.0,0.0
Silver_Architect,0.0,0.0,0.0
kakkadrol12300,0.0,0.0,0.0
xSinfulL0rdx,0.0,0.0,0.0
GiggleSnaps,0.0,0.0,0.0
KrispyKorey2,0.0,0.0,0.7
MUSHROOM_Psyfix,0.0,8.1,49.3
wlafleur15,0.0,0.0,0.0
RogueX7,0.0,0.8,73.2
PancakeyHD,0.0,0.0,0.0
kagrnak11,0.0,0.0,31.0
gingerbreead,0.0,67.7,96.4
SwissPlane,0.0,0.0,29.1
TheLEGOMovieMan,0.0,0.0,0.0
Ranger0124,0.0,0.2,75.6
Statik_Project,0.0,7.7,92.7
coolmanabdul,0.0,78.2,1582.1
payton010232,0.0,0.5,0.5
Fortnitekid3098,0.0,0.0,0.2
idk_sh,0.0,0.0,0.0
LayCoop10,0.0,1.9,1.9
Jeremgt,0.0,2.9,2.9
Cheeseisdaboi,0.0,0.8,0.8
NewbieTheSigma,0.0,0.0,0.0
QueenCeliaThe1st,0.0,0.0,421.7
ThisMustBeASign,0.0,0.0,15.3
Raven69678,0.0,0.0,0.0
TrfcLuke123,0.0,0.4,8.7
getbetterkidlol,0.0,0.0,0.0
ykfr0st,0.0,0.5,0.5
Aar0nn_,0.0,0.0,101.4
DivineGen,0.0,0.5,0.5
plutoDawg44,0.0,0.0,0.4
L1gmabal1s,0.0,3.5,3.5
Mslan_G,0.0,0.2,0.2
Freddy5Fazbear,0.0,0.0,0.0
Ricky7032,0.0,0.0,0.0
Maskastout,0.0,0.1,1.4
Duno_,0.0,0.0,25.0
NEO_blitzX,0.0,0.0,0.0
IOD1OT,0.0,0.2,2.1
RZN3,0.0,0.1,0.1
orxye,0.0,0.0,58.7
Danielos90,0.0,0.0,0.0
MrTopHatMC,0.0,0.1,0.1
TobSight1,0.0,0.0,0.0
iMoe,0.0,0.0,2.4
Unsubmittable,0.0,0.0,0.0
CometCat2010,0.0,0.0,0.0
Funni,0.0,0.0,0.0
ImSn3qkyy,0.0,0.0,0.0
AbrarJawad902,0.0,0.0,0.0
Finnyyy2424,0.0,3.4,3.4
ZyRo_X__,0.0,0.0,0.0
VilyanZ,0.0,0.8,3859.8
MangoFruitSalad,0.0,0.0,0.0
TridentArtic,0.0,0.0,0.0
Chicken_Gaming_,0.0,0.0,0.0
swaaan,0.0,0.0,0.0
SimplyRinZ,0.0,0.0,0.0
SyloTapz4266,0.0,10.4,10.4
alvenorb,0.0,0.0,0.0
nonamegaming302,0.0,0.0,0.0
MrGemious,0.0,0.0,0.0
Cocolai29,0.0,0.0,0.0
Xenoary,0.0,0.0,0.0
XenoXSenku,0.0,0.0,0.0
SetKir,0.0,0.1,0.1
flouth,0.0,0.0,0.0
CREEPERINO07,0.0,14.5,14.5
Charlie190315,0.0,0.0,3.9
Sol37,0.0,0.0,0.0
LEODAS12,0.0,0.0,0.0
aj100316,0.0,0.0,0.0
F1reed,0.0,7.5,7.5
AK2012,0.0,0.0,0.0
Torqale,0.0,0.0,9.2
Piter12137,0.0,0.0,0.0
scorchedarf,0.0,0.1,0.1
MarkyBadlyMC,0.0,0.0,0.0
NoWives,0.0,0.0,0.0
toufudealer,0.0,29.4,431.0
SourcePlugin,0.0,2.8,7.2
Walkeddawn67,0.0,0.0,0.0
Yavuz_S,0.0,0.0,0.0
Qrphinae,0.0,0.0,0.0
DarthIt,0.0,0.3,25.9
eAFK,0.0,0.0,0.0
gazzlebug,0.0,1.3,1.3
FluffyView,0.0,6.0,6.0
MADRAFE1,0.0,14.1,270.3
_Polus,0.0,0.0,0.0
narkazc,0.0,0.0,0.1
HypQxD,0.0,0.0,0.0
BarelyHarley,0.0,19.6,246.5
Graham1515,0.0,0.0,4.9
hongkongfrickyou,0.0,0.3,14.2
me18guyYT,0.0,0.0,0.0
Ryzion,0.0,0.0,0.0
David21Jan,0.0,0.0,1.1
fleourah,0.0,38.6,332.8
Mwurp,0.0,4.2,24.6
Rm526Mirzarhi,0.0,0.0,0.0
galaxy0256,0.0,0.0,0.0
manspiderpig,0.0,0.0,49.7
Lavas7,0.0,0.0,0.0
neckpillows,0.0,0.3,14.4
Fught,0.0,0.0,0.0
weaveyo,0.0,0.0,0.0
FRL3875,0.0,0.0,0.0
hanskazann,0.0,0.0,0.0
Maxi76csipke,0.0,0.0,0.0
LittleG1501,0.0,0.0,0.0
ToddHoward123,0.0,45.2,410.4
badplayer144,0.0,0.8,0.8
Hejv,0.0,0.0,0.0
12__Kaiden__12,0.0,0.0,0.0
BeNsEnIsCoOl5,0.0,0.0,0.0
Wheatley5555,0.0,0.0,0.0
CredoLaCouarde,0.0,0.0,0.0
frogjump12341,0.0,0.0,0.0
Niko_killya,0.0,0.0,0.0
ItsGromero,0.0,0.0,0.0
TomVyn,0.0,1.6,1.6
Kenjiru720,0.0,0.0,0.0
AussieTank51,0.0,4.2,152.7
Swagggx,0.0,0.0,0.0
MushyCelery,0.0,0.0,0.0
immediateDescent,0.0,1.3,375.0
__Fr,0.0,0.0,2.8
SenorHels,0.0,0.0,0.0
Reece_A706,0.0,0.0,0.0
Vatuu,0.0,0.0,91.1
Moerbek,0.0,0.0,0.0
SavagePsH,0.0,0.0,0.0
N0CTUM,0.0,0.6,0.6
TIHMO,0.0,0.0,0.0
fahadSULT4N,0.0,0.0,0.0
mrTNT1925,0.0,1.1,805.9
Krzysiu75,0.0,0.6,0.6
Kwervin,0.0,0.0,0.0
gmcube79,0.0,0.9,0.9
okwerr,0.0,0.6,0.6
Hollow_found,0.0,0.1,0.1
GlitchedDev,0.0,1.5,1.5
sdfndfuer,0.0,0.0,0.0
4mini,0.0,0.0,0.0
SophiaItsuki,0.0,0.0,0.0
LePatrick123,0.0,0.0,0.0
d4n0ol,0.0,0.0,0.0
2XFSCnETOgq,0.0,0.0,0.0
Turtle2770,0.0,3.5,8.2
myrmecologist13,0.0,0.1,0.1
FolliVLXX,0.0,2.2,298.3
Jopeew8787,0.0,0.0,0.0
DarkMoon09272,0.0,0.0,0.6
Subterrancebound,0.0,3.2,3.2
minor_milk,0.0,0.0,0.0
SkyForgeking,0.0,1.3,1.3
mistrmejn,0.0,1.8,1.8
Darkfire3999,0.0,2.7,2.7
detective_adams,0.0,0.0,1.1
thholowknit,0.0,0.0,0.0
catattackship,0.0,0.0,2.1
ShinyTeacups,0.0,0.0,0.0
Knightysers,0.0,0.0,0.0
WeFrosty,0.0,0.0,2.8
MechanicalRift,0.0,0.0,9600.8
awoo,0.0,0.0,8489.2