Timestamp,Input,Output,Lore,Coords,Stock,City,Tags,Contact
2025-10-29T18:15:13.160183,5 Diamond,"1 Barrel ""Copper Workshop Repair Kit""",One kit will repair a Copper Workshop to full health.,"3736,81,7001",TRUE,Orakuru,Infra,
2025-10-29T18:15:18.926341,4 Diamond,"1 Barrel ""Grill Factory Repair Kit""",One kit will repair a Grill Factory to full health.,"3736,81,7003",TRUE,Orakuru,Infra,
2025-10-29T18:15:21.422335,5 Diamond,"1 Barrel ""Iron Forge Repair Kit""",One kit will repair an Iron Forge to full health.,"3736,81,7004",TRUE,Orakuru,Infra,
2025-10-29T18:15:24.337609,2 Diamond,"1 Barrel ""Printer Factory Repair Kit""",One kit will repair a Printer Factory to full health.,"3736,81,7011",TRUE,Orakuru,Infra,
2025-10-29T18:15:26.033136,4 Diamond,"1 Barrel ""Rail Factory Repair Kit""",One kit will repair a Rail Factory to full health.,"3736,81,7012",TRUE,Orakuru,Infra,
2025-10-29T18:15:28.397656,4 Diamond,"1 Barrel ""Redstone Factory Repair Kit""",One kit will repair a Redstone Factory to full health.,"3736,81,7013",TRUE,Orakuru,Infra,
2025-10-29T18:15:31.855456,10 Diamond,"1 Barrel ""Research Station Repair Kit""",One kit will repair a Research Station to full health.,"3736,81,7014",TRUE,Orakuru,Infra,
2025-10-29T18:15:35.116788,1 Diamond,48 Chest,Crate,"3723,81,7010",TRUE,Orakuru,Infra,
2025-10-29T18:15:37.878102,10 Diamond,"1 Barrel ""Compact Repair Kit""",One kit will repair a compactor to full health.,"3724,81,7009",TRUE,Orakuru,Infra,
2025-10-29T18:15:54.780967,48 Diamond,"1 Barrel ""Advanced Cauldron Repair Kit""",One kit will repair a Advanced Cauldron to full health.,"3716,81,6995",TRUE,Orakuru,Infra,
2025-10-29T18:15:57.315592,25 Diamond,"1 Barrel ""Advanced Ore Smelter Repair Kit""",One kit will repair an Advanced Ore Smelter to full health.,"3717,81,6995",TRUE,Orakuru,Infra,
2025-10-29T18:15:58.950013,8 Diamond,"1 Barrel ""Animal Husbandry Repair Kit""",One kit will repair an Animal Husbandry to full health.,"3718,81,6995",TRUE,Orakuru,Infra,
2025-10-29T18:16:01.269572,8 Diamond,"1 Barrel ""Basic Cauldron Repair Kit""",One kit will repair a Basic Cauldron to full health.,"3719,81,6995",TRUE,Orakuru,Infra,
2025-10-29T18:16:10.904741,18 Diamond,"1 Barrel ""Ore Smelter Repair Kit""",One kit will repair an Ore Smelter to full health.,"3726,81,6995",TRUE,Orakuru,Infra,
2025-10-29T18:16:12.577007,128 Diamond,"1 Barrel ""Bastion Factory Repair Kit""",One kit will repair a Bastion Factory to full health.,"3727,81,6995",TRUE,Orakuru,Infra,
2025-10-29T18:16:13.831926,2 Diamond,"1 Barrel ""Bio Factory Repair Kit""",One kit will repair a Bio Factory to full health.,"3728,81,6995",TRUE,Orakuru,Infra,
2025-10-29T18:16:15.139472,2 Diamond,"1 Barrel ""Concrete Mixer Repair Kit""",One kit will repair a Concrete Mixer to full health.,"3729,81,6995",TRUE,Orakuru,Infra,
2025-10-29T18:16:25.025298,4 Diamond,1 Block of Emerald,No lore,"3728,88,7014",TRUE,Orakuru,Raw Materials,
2025-10-29T18:16:29.504185,2 Diamond,1 Amethyst Shard,Compacted Item,"3724,89,7014",TRUE,Orakuru,Raw Materials,
2025-10-29T18:16:32.221006,3 Diamond,16 Charcoal,Compacted Item,"3716,90,7005",TRUE,Orakuru,Raw Materials,
2025-10-29T18:16:33.965376,1 Diamond,8 Bone Meal,Compacted Item,"3716,88,7004",TRUE,Orakuru,Raw Materials,
2025-10-29T18:16:45.141452,5 Diamond,1 Anvil,No lore,"3716,95,7003",FALSE,Orakuru,"Blocks, Infra",
2025-10-29T18:16:47.102216,1 Diamond,64 Lapis Lazuli,No lore,"3716,95,7002",TRUE,Orakuru,Raw Materials,
2025-10-29T18:16:48.367422,2 Diamond,1 Crafter,No lore,"3716,95,7001",TRUE,Orakuru,Blocks,
2025-10-29T18:16:50.544829,1 Diamond,64 Cooked Porkchop,No lore,"3716,95,7000",TRUE,Orakuru,Food/Pots,
2025-10-29T18:16:52.549081,"3 Eye of Ender ""Player Essence""",1 Minecart,No lore,"3716,95,6999",TRUE,Orakuru,Other,
2025-10-29T18:16:54.317310,"3 Eye of Ender ""Player Essence""",1 Oak Boat,No lore,"3716,95,6998",TRUE,Orakuru,Other,
2025-10-29T18:16:56.124129,1 Diamond,1 Bundle,No lore,"3716,95,6997",TRUE,Orakuru,Tools,
2025-10-29T18:17:12.072645,8 Iron Ingot,1 Bundle,No lore,"3716,95,6997",TRUE,Orakuru,Tools,
2025-10-29T18:18:08.679059,16 Iron Ingot,1 Black Dye,Compacted Item,"3649,77,6918",TRUE,Orakuru,Other,
2025-10-29T18:18:10.014987,12 Iron Ingot,1 Black Glazed Terracotta,Compacted Item,"3650,77,6916",TRUE,Orakuru,Blocks,
2025-10-29T18:18:12.245028,2 Iron Ingot,1 Black Wool,Compacted Item,"3649,77,6913",TRUE,Orakuru,Blocks,
2025-10-29T18:18:14.300543,2 Iron Ingot,1 Black Bed,Compacted Item,"3648,77,6915",TRUE,Orakuru,Blocks,
2025-10-29T18:18:19.503136,15 Iron Ingot,1 Black Candle,Compacted Item,"3651,86,6909",TRUE,Orakuru,Blocks,
2025-10-29T18:18:20.992277,10 Iron Ingot,1 Black Terracotta,Compacted Item,"3650,86,6911",TRUE,Orakuru,Blocks,
2025-10-29T18:18:23.092105,5 Iron Ingot,1 Black Stained Glass,Compacted Item,"3652,86,6914",TRUE,Orakuru,Blocks,
2025-10-29T18:18:24.564452,4 Iron Ingot,1 Black Concrete Powder,Compacted Item,"3653,86,6912",TRUE,Orakuru,Blocks,
2025-10-29T18:18:47.464680,16 Iron Ingot,8 Black Wool,Compacted Item,"3649,77,6913",TRUE,Orakuru,Blocks,
2025-10-29T18:18:50.727253,4 Iron Ingot,1 Black Carpet,Compacted Item,"3649,77,6913",TRUE,Orakuru,Blocks,
2025-10-29T18:19:37.453495,5 Iron Ingot,1 Black Banner,Compacted Item,"3648,77,6916",TRUE,Orakuru,Blocks,
2025-10-29T18:19:38.688289,20 Iron Ingot,4 Black Banner,Compacted Item,"3648,77,6916",TRUE,Orakuru,Blocks,
2025-10-29T18:19:42.587839,96 Iron Ingot,8 Black Glazed Terracotta,Compacted Item,"3650,77,6916",TRUE,Orakuru,Blocks,
2025-10-29T18:23:07.887965,7 Iron Ingot,1 Red Candle,Compacted Item,"3686,83,6964",TRUE,Orakuru,Blocks,
2025-10-29T18:23:09.235901,4 Iron Ingot,1 Red Stained Glass,Compacted Item,"3686,83,6963",TRUE,Orakuru,Blocks,
2025-10-29T18:23:10.505310,32 Iron Ingot,8 Red Stained Glass,Compacted Item,"3686,83,6963",TRUE,Orakuru,Blocks,
2025-10-29T18:23:13.039170,10 Iron Ingot,1 Red Glazed Terracotta,Compacted Item,"3686,83,6962",TRUE,Orakuru,Blocks,
2025-10-29T18:23:13.994601,80 Iron Ingot,8 Red Glazed Terracotta,Compacted Item,"3686,83,6962",TRUE,Orakuru,Blocks,
2025-10-29T18:23:15.552711,2 Iron Ingot,1 Red Wool,Compacted Item,"3686,83,6961",TRUE,Orakuru,Blocks,
2025-10-29T18:23:16.638299,16 Iron Ingot,8 Red Wool,Compacted Item,"3686,83,6961",TRUE,Orakuru,Blocks,
2025-10-29T18:23:17.767710,4 Iron Ingot,1 Red Carpet,Compacted Item,"3686,83,6961",TRUE,Orakuru,Blocks,
2025-10-29T18:40:14.313282,5 Iron Ingot,1 Red Banner,Compacted Item,"3680,92,6953",TRUE,Orakuru,Blocks,
2025-10-29T18:40:15.664765,5 Iron Ingot,1 Red Concrete,Compacted Item,"3681,92,6953",TRUE,Orakuru,Blocks,
2025-10-29T18:40:16.953872,8 Iron Ingot,1 Red Terracotta,Compacted Item,"3682,92,6953",TRUE,Orakuru,Blocks,
2025-10-29T18:40:18.051043,2 Iron Ingot,1 Red Dye,Compacted Item,"3683,92,6953",TRUE,Orakuru,Other,
2025-10-29T18:47:58.825173,9 Diamond,1 Beacon,No lore,"3202,69,4822",TRUE,Shiroyama,"Defense, Infra",HPLaptop
2025-10-29T18:48:00.831780,3 Diamond,1 Diamond Helmet,Condition: Undamaged|Never repaired,"3203,69,4820",TRUE,Shiroyama,"Defense, Tools/Armor",HPLaptop
2025-10-29T18:48:01.931769,6 Diamond,1 Diamond Chestplate,Condition: Undamaged|Never repaired,"3204,69,4820",TRUE,Shiroyama,"Defense, Tools/Armor",HPLaptop
2025-10-29T18:48:03.175419,4 Diamond,1 Diamond Leggings,Condition: Undamaged|Never repaired,"3205,69,4820",FALSE,Shiroyama,"Defense, Tools/Armor",HPLaptop
2025-10-29T18:48:04.454116,2 Diamond,1 Diamond Boots,Condition: Undamaged|Never repaired,"3206,69,4820",TRUE,Shiroyama,"Defense, Tools/Armor",HPLaptop
